ts_code,name,l1_code,l1_name,l2_code,l2_name,l3_code,l3_name
000001.SZ,平安银行,801780.SI,银行,801783.SI,股份制银行Ⅱ,857831.SI,股份制银行Ⅲ
000002.SZ,万科A,801180.SI,房地产,801181.SI,房地产开发,851811.SI,住宅开发
000006.SZ,深振业A,801180.SI,房地产,801181.SI,房地产开发,851811.SI,住宅开发
000007.SZ,全新好,801200.SI,商贸零售,801203.SI,一般零售,852034.SI,商业物业经营
000008.SZ,神州高铁,801890.SI,机械设备,801076.SI,轨交设备Ⅱ,850936.SI,轨交设备Ⅲ
000009.SZ,,,,,,,
000011.SZ,深物业A,801180.SI,房地产,801181.SI,房地产开发,851811.SI,住宅开发
000012.SZ,南玻A,801710.SI,建筑材料,801712.SI,玻璃玻纤,857121.SI,玻璃制造
000014.SZ,沙河股份,801180.SI,房地产,801181.SI,房地产开发,851811.SI,住宅开发
000017.SZ,,,,,,,
000019.SZ,,,,,,,
000020.SZ,深华发A,801080.SI,电子,801084.SI,光学光电子,850831.SI,面板
000021.SZ,深科技,801080.SI,电子,801085.SI,消费电子,850854.SI,消费电子零部件及组装
000025.SZ,,,,,,,
000026.SZ,飞亚达,801130.SI,纺织服饰,801133.SI,饰品,851331.SI,钟表珠宝
000027.SZ,深圳能源,801160.SI,公用事业,801161.SI,电力,851611.SI,火力发电
000028.SZ,国药一致,801150.SI,医药生物,801154.SI,医药商业,851542.SI,医药流通
000029.SZ,深深房A,801180.SI,房地产,801181.SI,房地产开发,851811.SI,住宅开发
000030.SZ,富奥股份,801880.SI,汽车,801093.SI,汽车零部件,850923.SI,底盘与发动机系统
000031.SZ,,,,,,,
000032.SZ,,,,,,,
000034.SZ,神州数码,801750.SI,计算机,801103.SI,IT服务Ⅱ,852226.SI,IT服务Ⅲ
000035.SZ,中国天楹,801970.SI,环保,801971.SI,环境治理,859713.SI,固废治理
000036.SZ,华联控股,801180.SI,房地产,801181.SI,房地产开发,851811.SI,住宅开发
000037.SZ,,,,,,,
000039.SZ,中集集团,801890.SI,机械设备,801072.SI,通用设备,850751.SI,金属制品
000042.SZ,中洲控股,801180.SI,房地产,801181.SI,房地产开发,851811.SI,住宅开发
000045.SZ,,,,,,,
000048.SZ,,,,,,,
000049.SZ,德赛电池,801730.SI,电力设备,801737.SI,电池,857371.SI,锂电池
000050.SZ,深天马A,801080.SI,电子,801084.SI,光学光电子,850831.SI,面板
000055.SZ,,,,,,,
000058.SZ,深赛格,801200.SI,商贸零售,801203.SI,一般零售,852034.SI,商业物业经营
000059.SZ,华锦股份,801960.SI,石油石化,801963.SI,炼化及贸易,859631.SI,炼油化工
000060.SZ,中金岭南,801050.SI,有色金属,801055.SI,工业金属,850553.SI,铅锌
000061.SZ,农产品,801200.SI,商贸零售,801203.SI,一般零售,852034.SI,商业物业经营
000062.SZ,深圳华强,801080.SI,电子,801082.SI,其他电子Ⅱ,850841.SI,其他电子Ⅲ
000063.SZ,中兴通讯,801770.SI,通信,801102.SI,通信设备,851024.SI,通信网络设备及器件
000065.SZ,北方国际,801720.SI,建筑装饰,801724.SI,专业工程,857243.SI,国际工程
000066.SZ,中国长城,801750.SI,计算机,801101.SI,计算机设备,850703.SI,其他计算机设备
000068.SZ,华控赛格,801970.SI,环保,801971.SI,环境治理,859714.SI,综合环境治理
000069.SZ,,,,,,,
000070.SZ,特发信息,801770.SI,通信,801102.SI,通信设备,851025.SI,通信线缆及配套
000088.SZ,,,,,,,
000089.SZ,,,,,,,
000090.SZ,天健集团,801180.SI,房地产,801181.SI,房地产开发,851811.SI,住宅开发
000096.SZ,广聚能源,801960.SI,石油石化,801963.SI,炼化及贸易,859632.SI,油品石化贸易
000099.SZ,,,,,,,
000100.SZ,TCL科技,801080.SI,电子,801084.SI,光学光电子,850831.SI,面板
000151.SZ,中成股份,801200.SI,商贸零售,801202.SI,贸易Ⅱ,852021.SI,贸易Ⅲ
000153.SZ,丰原药业,801150.SI,医药生物,801151.SI,化学制药,851512.SI,化学制剂
000155.SZ,川能动力,801160.SI,公用事业,801161.SI,电力,851617.SI,风力发电
000156.SZ,华数传媒,801760.SI,传媒,801995.SI,电视广播Ⅱ,859951.SI,电视广播Ⅲ
000157.SZ,中联重科,801890.SI,机械设备,801077.SI,工程机械,850771.SI,工程机械整机
000158.SZ,常山北明,801750.SI,计算机,801103.SI,IT服务Ⅱ,852226.SI,IT服务Ⅲ
000159.SZ,,,,,,,
000166.SZ,,,,,,,
000301.SZ,,,,,,,
000333.SZ,美的集团,801110.SI,家用电器,801111.SI,白色家电,851112.SI,空调
000338.SZ,潍柴动力,801880.SI,汽车,801093.SI,汽车零部件,850923.SI,底盘与发动机系统
000400.SZ,许继电气,801730.SI,电力设备,801738.SI,电网设备,857321.SI,电网自动化设备
000401.SZ,金隅冀东,801710.SI,建筑材料,801711.SI,水泥,857111.SI,水泥制造
000402.SZ,,,,,,,
000403.SZ,派林生物,801150.SI,医药生物,801152.SI,生物制品,851522.SI,血液制品
000404.SZ,长虹华意,801110.SI,家用电器,801116.SI,家电零部件Ⅱ,851161.SI,家电零部件Ⅲ
000407.SZ,胜利股份,801160.SI,公用事业,801163.SI,燃气Ⅱ,851631.SI,燃气Ⅲ
000408.SZ,,,,,,,
000409.SZ,,,,,,,
000410.SZ,沈阳机床,801890.SI,机械设备,801072.SI,通用设备,850711.SI,机床工具
000411.SZ,英特集团,801150.SI,医药生物,801154.SI,医药商业,851542.SI,医药流通
000415.SZ,,,,,,,
000417.SZ,,,,,,,
000419.SZ,通程控股,801200.SI,商贸零售,801203.SI,一般零售,852033.SI,多业态零售
000420.SZ,吉林化纤,801030.SI,基础化工,801032.SI,化学纤维,850343.SI,粘胶
000421.SZ,,,,,,,
000422.SZ,,,,,,,
000423.SZ,东阿阿胶,801150.SI,医药生物,801155.SI,中药Ⅱ,851521.SI,中药Ⅲ
000425.SZ,徐工机械,801890.SI,机械设备,801077.SI,工程机械,850771.SI,工程机械整机
000426.SZ,兴业银锡,801050.SI,有色金属,801055.SI,工业金属,850553.SI,铅锌
000428.SZ,华天酒店,801210.SI,社会服务,801219.SI,酒店餐饮,852121.SI,酒店
000429.SZ,粤高速A,801170.SI,交通运输,801179.SI,铁路公路,851731.SI,高速公路
000498.SZ,山东路桥,801720.SI,建筑装饰,801723.SI,基础建设,857236.SI,基建市政工程
000501.SZ,武商集团,801200.SI,商贸零售,801203.SI,一般零售,852031.SI,百货
000503.SZ,国新健康,801750.SI,计算机,801104.SI,软件开发,851041.SI,垂直应用软件
000505.SZ,京粮控股,801010.SI,农林牧渔,801012.SI,农产品加工,850152.SI,粮油加工
000506.SZ,招金黄金,801050.SI,有色金属,801053.SI,贵金属,850531.SI,黄金
000507.SZ,,,,,,,
000509.SZ,,,,,,,
000510.SZ,新金路,801030.SI,基础化工,801033.SI,化学原料,850322.SI,氯碱
000513.SZ,丽珠集团,801150.SI,医药生物,801151.SI,化学制药,851512.SI,化学制剂
000514.SZ,渝开发,801180.SI,房地产,801181.SI,房地产开发,851811.SI,住宅开发
000516.SZ,国际医学,801150.SI,医药生物,801156.SI,医疗服务,851564.SI,医院
000517.SZ,荣安地产,801180.SI,房地产,801181.SI,房地产开发,851811.SI,住宅开发
000519.SZ,中兵红箭,801740.SI,国防军工,801743.SI,地面兵装Ⅱ,857431.SI,地面兵装Ⅲ
000520.SZ,凤凰航运,801170.SI,交通运输,801992.SI,航运港口,851761.SI,航运
000521.SZ,长虹美菱,801110.SI,家用电器,801111.SI,白色家电,851116.SI,冰洗
000523.SZ,,,,,,,
000524.SZ,岭南控股,801210.SI,社会服务,801993.SI,旅游及景区,852131.SI,旅游综合
000525.SZ,红太阳,801030.SI,基础化工,801038.SI,农化制品,850333.SI,农药
000526.SZ,学大教育,801210.SI,社会服务,801994.SI,教育,859852.SI,培训教育
000528.SZ,柳工,801890.SI,机械设备,801077.SI,工程机械,850771.SI,工程机械整机
000529.SZ,,,,,,,
000530.SZ,冰山冷热,801890.SI,机械设备,801072.SI,通用设备,850715.SI,制冷空调设备
000531.SZ,穗恒运A,801160.SI,公用事业,801161.SI,电力,851611.SI,火力发电
000532.SZ,,,,,,,
000533.SZ,顺钠股份,801730.SI,电力设备,801738.SI,电网设备,857381.SI,输变电设备
000534.SZ,万泽股份,801150.SI,医药生物,801152.SI,生物制品,851524.SI,其他生物制品
000536.SZ,华映科技,801080.SI,电子,801084.SI,光学光电子,850831.SI,面板
000537.SZ,绿发电力,801160.SI,公用事业,801161.SI,电力,851617.SI,风力发电
000538.SZ,云南白药,801150.SI,医药生物,801155.SI,中药Ⅱ,851521.SI,中药Ⅲ
000539.SZ,粤电力A,801160.SI,公用事业,801161.SI,电力,851611.SI,火力发电
000541.SZ,,,,,,,
000543.SZ,皖能电力,801160.SI,公用事业,801161.SI,电力,851611.SI,火力发电
000544.SZ,中原环保,801970.SI,环保,801971.SI,环境治理,859712.SI,水务及水治理
000545.SZ,,,,,,,
000546.SZ,,,,,,,
000547.SZ,,,,,,,
000548.SZ,湖南投资,801170.SI,交通运输,801179.SI,铁路公路,851731.SI,高速公路
000550.SZ,江铃汽车,801880.SI,汽车,801096.SI,商用车,850912.SI,商用载货车
000551.SZ,创元科技,801970.SI,环保,801972.SI,环保设备Ⅱ,859721.SI,环保设备Ⅲ
000552.SZ,甘肃能化,801950.SI,煤炭,801951.SI,煤炭开采,859511.SI,动力煤
000553.SZ,安道麦A,801030.SI,基础化工,801038.SI,农化制品,850333.SI,农药
000554.SZ,泰山石油,801960.SI,石油石化,801963.SI,炼化及贸易,859632.SI,油品石化贸易
000555.SZ,神州信息,801750.SI,计算机,801103.SI,IT服务Ⅱ,852226.SI,IT服务Ⅲ
000557.SZ,西部创业,801170.SI,交通运输,801179.SI,铁路公路,851771.SI,铁路运输
000558.SZ,,,,,,,
000559.SZ,万向钱潮,801880.SI,汽车,801093.SI,汽车零部件,850923.SI,底盘与发动机系统
000560.SZ,,,,,,,
000561.SZ,烽火电子,801740.SI,国防军工,801742.SI,航空装备Ⅱ,857421.SI,航空装备Ⅲ
000563.SZ,陕国投A,801790.SI,非银金融,801191.SI,多元金融,851924.SI,信托
000564.SZ,供销大集,801200.SI,商贸零售,801203.SI,一般零售,852031.SI,百货
000565.SZ,渝三峡A,801030.SI,基础化工,801034.SI,化学制品,850335.SI,涂料油墨
000566.SZ,海南海药,801150.SI,医药生物,801151.SI,化学制药,851512.SI,化学制剂
000567.SZ,海德股份,801790.SI,非银金融,801191.SI,多元金融,851927.SI,资产管理
000568.SZ,泸州老窖,801120.SI,食品饮料,801125.SI,白酒Ⅱ,851251.SI,白酒Ⅲ
000570.SZ,苏常柴A,801880.SI,汽车,801093.SI,汽车零部件,850923.SI,底盘与发动机系统
000571.SZ,新大洲A,801950.SI,煤炭,801951.SI,煤炭开采,859511.SI,动力煤
000572.SZ,海马汽车,801880.SI,汽车,801095.SI,乘用车,850952.SI,综合乘用车
000573.SZ,粤宏远A,801180.SI,房地产,801181.SI,房地产开发,851811.SI,住宅开发
000576.SZ,,,,,,,
000581.SZ,威孚高科,801880.SI,汽车,801093.SI,汽车零部件,850923.SI,底盘与发动机系统
000582.SZ,北部湾港,801170.SI,交通运输,801992.SI,航运港口,851711.SI,港口
000586.SZ,汇源通信,801770.SI,通信,801102.SI,通信设备,851025.SI,通信线缆及配套
000589.SZ,贵州轮胎,801880.SI,汽车,801093.SI,汽车零部件,850924.SI,轮胎轮毂
000590.SZ,古汉医药,801150.SI,医药生物,801155.SI,中药Ⅱ,851521.SI,中药Ⅲ
000591.SZ,太阳能,801160.SI,公用事业,801161.SI,电力,851616.SI,光伏发电
000592.SZ,平潭发展,801010.SI,农林牧渔,801011.SI,林业Ⅱ,850131.SI,林业Ⅲ
000593.SZ,德龙汇能,801160.SI,公用事业,801163.SI,燃气Ⅱ,851631.SI,燃气Ⅲ
000596.SZ,古井贡酒,801120.SI,食品饮料,801125.SI,白酒Ⅱ,851251.SI,白酒Ⅲ
000597.SZ,东北制药,801150.SI,医药生物,801151.SI,化学制药,851512.SI,化学制剂
000598.SZ,兴蓉环境,801970.SI,环保,801971.SI,环境治理,859712.SI,水务及水治理
000599.SZ,青岛双星,801880.SI,汽车,801093.SI,汽车零部件,850924.SI,轮胎轮毂
000600.SZ,建投能源,801160.SI,公用事业,801161.SI,电力,851611.SI,火力发电
000601.SZ,韶能股份,801160.SI,公用事业,801161.SI,电力,851612.SI,水力发电
000603.SZ,盛达资源,801050.SI,有色金属,801055.SI,工业金属,850553.SI,铅锌
000605.SZ,渤海股份,801970.SI,环保,801971.SI,环境治理,859712.SI,水务及水治理
000607.SZ,华媒控股,801760.SI,传媒,801765.SI,广告营销,857652.SI,广告媒体
000612.SZ,焦作万方,801050.SI,有色金属,801055.SI,工业金属,850551.SI,铝
000617.SZ,中油资本,801790.SI,非银金融,801191.SI,多元金融,851922.SI,金融控股
000619.SZ,海螺新材,801710.SI,建筑材料,801713.SI,装修建材,850614.SI,其他建材
000620.SZ,,,,,,,
000623.SZ,,,,,,,
000625.SZ,长安汽车,801880.SI,汽车,801095.SI,乘用车,850952.SI,综合乘用车
000626.SZ,,,,,,,
000628.SZ,高新发展,801720.SI,建筑装饰,801721.SI,房屋建设Ⅱ,850623.SI,房屋建设Ⅲ
000629.SZ,钒钛股份,801040.SI,钢铁,801043.SI,冶钢原料,850432.SI,冶钢辅料
000630.SZ,铜陵有色,801050.SI,有色金属,801055.SI,工业金属,850552.SI,铜
000631.SZ,顺发恒能,801180.SI,房地产,801181.SI,房地产开发,851811.SI,住宅开发
000633.SZ,合金投资,801050.SI,有色金属,801051.SI,金属新材料,850521.SI,其他金属新材料
000635.SZ,英力特,801030.SI,基础化工,801033.SI,化学原料,850322.SI,氯碱
000636.SZ,风华高科,801080.SI,电子,801083.SI,元件,850823.SI,被动元件
000637.SZ,茂化实华,801960.SI,石油石化,801963.SI,炼化及贸易,859633.SI,其他石化
000650.SZ,仁和药业,801150.SI,医药生物,801155.SI,中药Ⅱ,851521.SI,中药Ⅲ
000651.SZ,格力电器,801110.SI,家用电器,801111.SI,白色家电,851112.SI,空调
000652.SZ,泰达股份,801230.SI,综合,801231.SI,综合Ⅱ,852311.SI,综合Ⅲ
000655.SZ,金岭矿业,801040.SI,钢铁,801043.SI,冶钢原料,850431.SI,铁矿石
000657.SZ,中钨高新,801050.SI,有色金属,801054.SI,小金属,850542.SI,钨
000659.SZ,珠海中富,801140.SI,轻工制造,801141.SI,包装印刷,851424.SI,塑料包装
000661.SZ,长春高新,801150.SI,医药生物,801152.SI,生物制品,851524.SI,其他生物制品
000663.SZ,,,,,,,
000665.SZ,湖北广电,801760.SI,传媒,801995.SI,电视广播Ⅱ,859951.SI,电视广播Ⅲ
000670.SZ,,,,,,,
000672.SZ,上峰水泥,801710.SI,建筑材料,801711.SI,水泥,857111.SI,水泥制造
000676.SZ,智度股份,801760.SI,传媒,801765.SI,广告营销,857651.SI,营销代理
000678.SZ,襄阳轴承,801880.SI,汽车,801093.SI,汽车零部件,850923.SI,底盘与发动机系统
000679.SZ,,,,,,,
000680.SZ,山推股份,801890.SI,机械设备,801077.SI,工程机械,850771.SI,工程机械整机
000681.SZ,视觉中国,801760.SI,传媒,801767.SI,数字媒体,857673.SI,图片媒体
000682.SZ,东方电子,801730.SI,电力设备,801738.SI,电网设备,857321.SI,电网自动化设备
000683.SZ,博源化工,801030.SI,基础化工,801033.SI,化学原料,850321.SI,纯碱
000685.SZ,中山公用,801970.SI,环保,801971.SI,环境治理,859712.SI,水务及水治理
000686.SZ,东北证券,801790.SI,非银金融,801193.SI,证券Ⅱ,851931.SI,证券Ⅲ
000688.SZ,国城矿业,801050.SI,有色金属,801055.SI,工业金属,850553.SI,铅锌
000690.SZ,宝新能源,801160.SI,公用事业,801161.SI,电力,851611.SI,火力发电
000692.SZ,惠天热电,801160.SI,公用事业,801161.SI,电力,851614.SI,热力服务
000695.SZ,,,,,,,
000697.SZ,ST炼石,801740.SI,国防军工,801742.SI,航空装备Ⅱ,857421.SI,航空装备Ⅲ
000700.SZ,模塑科技,801880.SI,汽车,801093.SI,汽车零部件,850922.SI,车身附件及饰件
000701.SZ,,,,,,,
000702.SZ,正虹科技,801010.SI,农林牧渔,801014.SI,饲料,850142.SI,畜禽饲料
000703.SZ,,,,,,,
000705.SZ,浙江震元,801150.SI,医药生物,801154.SI,医药商业,851542.SI,医药流通
000707.SZ,双环科技,801030.SI,基础化工,801033.SI,化学原料,850321.SI,纯碱
000708.SZ,中信特钢,801040.SI,钢铁,801045.SI,特钢Ⅱ,850412.SI,特钢Ⅲ
000709.SZ,河钢股份,801040.SI,钢铁,801044.SI,普钢,850442.SI,板材
000710.SZ,,,,,,,
000712.SZ,锦龙股份,801790.SI,非银金融,801193.SI,证券Ⅱ,851931.SI,证券Ⅲ
000713.SZ,国投丰乐,801010.SI,农林牧渔,801016.SI,种植业,850111.SI,种子
000715.SZ,中兴商业,801200.SI,商贸零售,801203.SI,一般零售,852031.SI,百货
000716.SZ,,,,,,,
000717.SZ,中南股份,801040.SI,钢铁,801044.SI,普钢,850441.SI,长材
000718.SZ,苏宁环球,801180.SI,房地产,801181.SI,房地产开发,851811.SI,住宅开发
000719.SZ,中原传媒,801760.SI,传媒,801769.SI,出版,857692.SI,大众出版
000720.SZ,,,,,,,
000721.SZ,西安饮食,801210.SI,社会服务,801219.SI,酒店餐饮,852141.SI,餐饮
000722.SZ,,,,,,,
000723.SZ,美锦能源,801950.SI,煤炭,801952.SI,焦炭Ⅱ,859521.SI,焦炭Ⅲ
000725.SZ,京东方A,801080.SI,电子,801084.SI,光学光电子,850831.SI,面板
000726.SZ,鲁泰A,801130.SI,纺织服饰,801131.SI,纺织制造,851312.SI,棉纺
000727.SZ,冠捷科技,801080.SI,电子,801084.SI,光学光电子,850831.SI,面板
000728.SZ,国元证券,801790.SI,非银金融,801193.SI,证券Ⅱ,851931.SI,证券Ⅲ
000729.SZ,燕京啤酒,801120.SI,食品饮料,801126.SI,非白酒,851232.SI,啤酒
000731.SZ,四川美丰,801030.SI,基础化工,801038.SI,农化制品,850331.SI,氮肥
000733.SZ,,,,,,,
000735.SZ,罗牛山,801010.SI,农林牧渔,801017.SI,养殖业,850172.SI,生猪养殖
000737.SZ,,,,,,,
000738.SZ,航发控制,801740.SI,国防军工,801742.SI,航空装备Ⅱ,857421.SI,航空装备Ⅲ
000739.SZ,普洛药业,801150.SI,医药生物,801151.SI,化学制药,851511.SI,原料药
000750.SZ,国海证券,801790.SI,非银金融,801193.SI,证券Ⅱ,851931.SI,证券Ⅲ
000751.SZ,锌业股份,801050.SI,有色金属,801055.SI,工业金属,850553.SI,铅锌
000753.SZ,漳州发展,801230.SI,综合,801231.SI,综合Ⅱ,852311.SI,综合Ⅲ
000755.SZ,山西高速,801170.SI,交通运输,801179.SI,铁路公路,851731.SI,高速公路
000756.SZ,新华制药,801150.SI,医药生物,801151.SI,化学制药,851511.SI,原料药
000757.SZ,浩物股份,801880.SI,汽车,801092.SI,汽车服务,850233.SI,汽车综合服务
000758.SZ,中色股份,801050.SI,有色金属,801055.SI,工业金属,850553.SI,铅锌
000759.SZ,中百集团,801200.SI,商贸零售,801203.SI,一般零售,852032.SI,超市
000761.SZ,本钢板材,801040.SI,钢铁,801044.SI,普钢,850442.SI,板材
000762.SZ,西藏矿业,801050.SI,有色金属,801056.SI,能源金属,850543.SI,锂
000766.SZ,通化金马,801150.SI,医药生物,801151.SI,化学制药,851512.SI,化学制剂
000767.SZ,晋控电力,801160.SI,公用事业,801161.SI,电力,851611.SI,火力发电
000768.SZ,中航西飞,801740.SI,国防军工,801742.SI,航空装备Ⅱ,857421.SI,航空装备Ⅲ
000776.SZ,广发证券,801790.SI,非银金融,801193.SI,证券Ⅱ,851931.SI,证券Ⅲ
000777.SZ,中核科技,801890.SI,机械设备,801072.SI,通用设备,850751.SI,金属制品
000778.SZ,新兴铸管,801040.SI,钢铁,801044.SI,普钢,850443.SI,钢铁管材
000779.SZ,甘咨询,801720.SI,建筑装饰,801726.SI,工程咨询服务Ⅱ,857261.SI,工程咨询服务Ⅲ
000782.SZ,,,,,,,
000783.SZ,长江证券,801790.SI,非银金融,801193.SI,证券Ⅱ,851931.SI,证券Ⅲ
000785.SZ,,,,,,,
000786.SZ,北新建材,801710.SI,建筑材料,801713.SI,装修建材,850614.SI,其他建材
000788.SZ,北大医药,801150.SI,医药生物,801151.SI,化学制药,851512.SI,化学制剂
000789.SZ,万年青,801710.SI,建筑材料,801711.SI,水泥,857111.SI,水泥制造
000790.SZ,华神科技,801150.SI,医药生物,801155.SI,中药Ⅱ,851521.SI,中药Ⅲ
000791.SZ,,,,,,,
000792.SZ,盐湖股份,801030.SI,基础化工,801038.SI,农化制品,850336.SI,钾肥
000795.SZ,英洛华,801050.SI,有色金属,801051.SI,金属新材料,850522.SI,磁性材料
000796.SZ,凯撒旅业,801210.SI,社会服务,801993.SI,旅游及景区,852131.SI,旅游综合
000797.SZ,中国武夷,801180.SI,房地产,801181.SI,房地产开发,851811.SI,住宅开发
000798.SZ,中水渔业,801010.SI,农林牧渔,801015.SI,渔业,850121.SI,海洋捕捞
000799.SZ,酒鬼酒,801120.SI,食品饮料,801125.SI,白酒Ⅱ,851251.SI,白酒Ⅲ
000800.SZ,一汽解放,801880.SI,汽车,801096.SI,商用车,850912.SI,商用载货车
000801.SZ,四川九洲,801110.SI,家用电器,801112.SI,黑色家电,851122.SI,其他黑色家电
000802.SZ,北京文化,801760.SI,传媒,801766.SI,影视院线,857661.SI,影视动漫制作
000803.SZ,,,,,,,
000807.SZ,云铝股份,801050.SI,有色金属,801055.SI,工业金属,850551.SI,铝
000809.SZ,和展能源,801180.SI,房地产,801181.SI,房地产开发,851811.SI,住宅开发
000810.SZ,创维数字,801110.SI,家用电器,801112.SI,黑色家电,851122.SI,其他黑色家电
000811.SZ,冰轮环境,801890.SI,机械设备,801072.SI,通用设备,850715.SI,制冷空调设备
000812.SZ,陕西金叶,801140.SI,轻工制造,801141.SI,包装印刷,851425.SI,纸包装
000813.SZ,德展健康,801150.SI,医药生物,801151.SI,化学制药,851512.SI,化学制剂
000815.SZ,,,,,,,
000816.SZ,智慧农业,801880.SI,汽车,801093.SI,汽车零部件,850923.SI,底盘与发动机系统
000818.SZ,航锦科技,801030.SI,基础化工,801033.SI,化学原料,850322.SI,氯碱
000819.SZ,岳阳兴长,801960.SI,石油石化,801963.SI,炼化及贸易,859633.SI,其他石化
000822.SZ,山东海化,801030.SI,基础化工,801033.SI,化学原料,850321.SI,纯碱
000823.SZ,超声电子,801080.SI,电子,801083.SI,元件,850822.SI,印制电路板
000825.SZ,太钢不锈,801040.SI,钢铁,801045.SI,特钢Ⅱ,850412.SI,特钢Ⅲ
000828.SZ,东莞控股,801170.SI,交通运输,801179.SI,铁路公路,851731.SI,高速公路
000829.SZ,天音控股,801200.SI,商贸零售,801204.SI,专业连锁Ⅱ,852041.SI,专业连锁Ⅲ
000830.SZ,,,,,,,
000831.SZ,中国稀土,801050.SI,有色金属,801054.SI,小金属,850541.SI,稀土
000833.SZ,粤桂股份,801230.SI,综合,801231.SI,综合Ⅱ,852311.SI,综合Ⅲ
000837.SZ,秦川机床,801890.SI,机械设备,801072.SI,通用设备,850711.SI,机床工具
000839.SZ,国安股份,801770.SI,通信,801223.SI,通信服务,852214.SI,通信应用增值服务
000848.SZ,承德露露,801120.SI,食品饮料,801127.SI,饮料乳品,851271.SI,软饮料
000850.SZ,华茂股份,801130.SI,纺织服饰,801131.SI,纺织制造,851312.SI,棉纺
000852.SZ,石化机械,801890.SI,机械设备,801074.SI,专用设备,850725.SI,能源及重型设备
000856.SZ,冀东装备,801890.SI,机械设备,801074.SI,专用设备,850727.SI,其他专用设备
000858.SZ,五粮液,801120.SI,食品饮料,801125.SI,白酒Ⅱ,851251.SI,白酒Ⅲ
000859.SZ,,,,,,,
000860.SZ,顺鑫农业,801120.SI,食品饮料,801125.SI,白酒Ⅱ,851251.SI,白酒Ⅲ
000862.SZ,银星能源,801160.SI,公用事业,801161.SI,电力,851617.SI,风力发电
000863.SZ,三湘印象,801180.SI,房地产,801181.SI,房地产开发,851811.SI,住宅开发
000868.SZ,安凯客车,801880.SI,汽车,801096.SI,商用车,850913.SI,商用载客车
000869.SZ,张裕A,801120.SI,食品饮料,801126.SI,非白酒,851233.SI,其他酒类
000875.SZ,电投绿能,801160.SI,公用事业,801161.SI,电力,851610.SI,电能综合服务
000876.SZ,新希望,801010.SI,农林牧渔,801017.SI,养殖业,850172.SI,生猪养殖
000877.SZ,天山股份,801710.SI,建筑材料,801711.SI,水泥,857111.SI,水泥制造
000878.SZ,云南铜业,801050.SI,有色金属,801055.SI,工业金属,850552.SI,铜
000880.SZ,潍柴重机,801880.SI,汽车,801093.SI,汽车零部件,850923.SI,底盘与发动机系统
000881.SZ,中广核技,801030.SI,基础化工,801034.SI,化学制品,850339.SI,其他化学制品
000882.SZ,华联股份,801200.SI,商贸零售,801203.SI,一般零售,852031.SI,百货
000883.SZ,,,,,,,
000885.SZ,,,,,,,
000886.SZ,,,,,,,
000887.SZ,中鼎股份,801880.SI,汽车,801093.SI,汽车零部件,850925.SI,其他汽车零部件
000888.SZ,峨眉山A,801210.SI,社会服务,801993.SI,旅游及景区,852112.SI,自然景区
000889.SZ,中嘉博创,801770.SI,通信,801223.SI,通信服务,852213.SI,通信工程及服务
000890.SZ,,,,,,,
000892.SZ,欢瑞世纪,801760.SI,传媒,801766.SI,影视院线,857661.SI,影视动漫制作
000893.SZ,亚钾国际,801030.SI,基础化工,801038.SI,农化制品,850336.SI,钾肥
000895.SZ,双汇发展,801120.SI,食品饮料,801124.SI,食品加工,851241.SI,肉制品
000897.SZ,,,,,,,
000898.SZ,鞍钢股份,801040.SI,钢铁,801044.SI,普钢,850442.SI,板材
000899.SZ,赣能股份,801160.SI,公用事业,801161.SI,电力,851611.SI,火力发电
000900.SZ,现代投资,801170.SI,交通运输,801179.SI,铁路公路,851731.SI,高速公路
000901.SZ,,,,,,,
000902.SZ,,,,,,,
000905.SZ,厦门港务,801170.SI,交通运输,801992.SI,航运港口,851711.SI,港口
000906.SZ,浙商中拓,801170.SI,交通运输,801178.SI,物流,851782.SI,原材料供应链服务
000910.SZ,大亚圣象,801140.SI,轻工制造,801142.SI,家居用品,851436.SI,瓷砖地板
000912.SZ,,,,,,,
000913.SZ,,,,,,,
000915.SZ,华特达因,801150.SI,医药生物,801151.SI,化学制药,851512.SI,化学制剂
000917.SZ,电广传媒,801760.SI,传媒,801995.SI,电视广播Ⅱ,859951.SI,电视广播Ⅲ
000919.SZ,,,,,,,
000920.SZ,,,,,,,
000921.SZ,海信家电,801110.SI,家用电器,801111.SI,白色家电,851112.SI,空调
000922.SZ,佳电股份,801730.SI,电力设备,801731.SI,电机Ⅱ,850741.SI,电机Ⅲ
000923.SZ,河钢资源,801040.SI,钢铁,801043.SI,冶钢原料,850431.SI,铁矿石
000925.SZ,众合科技,801890.SI,机械设备,801076.SI,轨交设备Ⅱ,850936.SI,轨交设备Ⅲ
000926.SZ,,,,,,,
000927.SZ,中国铁物,801890.SI,机械设备,801076.SI,轨交设备Ⅱ,850936.SI,轨交设备Ⅲ
000928.SZ,中钢国际,801720.SI,建筑装饰,801724.SI,专业工程,857243.SI,国际工程
000930.SZ,中粮科技,801010.SI,农林牧渔,801012.SI,农产品加工,850154.SI,其他农产品加工
000931.SZ,中关村,801150.SI,医药生物,801151.SI,化学制药,851512.SI,化学制剂
000932.SZ,华菱钢铁,801040.SI,钢铁,801044.SI,普钢,850442.SI,板材
000933.SZ,神火股份,801050.SI,有色金属,801055.SI,工业金属,850551.SI,铝
000935.SZ,,,,,,,
000936.SZ,华西股份,801030.SI,基础化工,801032.SI,化学纤维,850341.SI,涤纶
000937.SZ,冀中能源,801950.SI,煤炭,801951.SI,煤炭开采,859512.SI,焦煤
000938.SZ,紫光股份,801750.SI,计算机,801103.SI,IT服务Ⅱ,852226.SI,IT服务Ⅲ
000948.SZ,南天信息,801750.SI,计算机,801104.SI,软件开发,851041.SI,垂直应用软件
000949.SZ,,,,,,,
000950.SZ,重药控股,801150.SI,医药生物,801154.SI,医药商业,851542.SI,医药流通
000951.SZ,中国重汽,801880.SI,汽车,801096.SI,商用车,850912.SI,商用载货车
000952.SZ,广济药业,801150.SI,医药生物,801151.SI,化学制药,851511.SI,原料药
000953.SZ,,,,,,,
000955.SZ,欣龙控股,801130.SI,纺织服饰,801131.SI,纺织制造,851316.SI,其他纺织
000957.SZ,中通客车,801880.SI,汽车,801096.SI,商用车,850913.SI,商用载客车
000958.SZ,,,,,,,
000959.SZ,首钢股份,801040.SI,钢铁,801044.SI,普钢,850442.SI,板材
000960.SZ,锡业股份,801050.SI,有色金属,801054.SI,小金属,850544.SI,其他小金属
000962.SZ,,,,,,,
000963.SZ,华东医药,801150.SI,医药生物,801151.SI,化学制药,851512.SI,化学制剂
000965.SZ,天保基建,801180.SI,房地产,801181.SI,房地产开发,851811.SI,住宅开发
000966.SZ,长源电力,801160.SI,公用事业,801161.SI,电力,851611.SI,火力发电
000967.SZ,盈峰环境,801970.SI,环保,801972.SI,环保设备Ⅱ,859721.SI,环保设备Ⅲ
000968.SZ,蓝焰控股,801960.SI,石油石化,801961.SI,油气开采Ⅱ,859611.SI,油气开采Ⅲ
000969.SZ,安泰科技,801050.SI,有色金属,801051.SI,金属新材料,850521.SI,其他金属新材料
000970.SZ,,,,,,,
000973.SZ,,,,,,,
000975.SZ,山金国际,801050.SI,有色金属,801053.SI,贵金属,850531.SI,黄金
000977.SZ,浪潮信息,801750.SI,计算机,801101.SI,计算机设备,850703.SI,其他计算机设备
000978.SZ,桂林旅游,801210.SI,社会服务,801993.SI,旅游及景区,852112.SI,自然景区
000980.SZ,众泰汽车,801880.SI,汽车,801093.SI,汽车零部件,850926.SI,汽车电子电气系统
000981.SZ,,,,,,,
000983.SZ,山西焦煤,801950.SI,煤炭,801951.SI,煤炭开采,859512.SI,焦煤
000985.SZ,,,,,,,
000987.SZ,,,,,,,
000988.SZ,,,,,,,
000989.SZ,九芝堂,801150.SI,医药生物,801155.SI,中药Ⅱ,851521.SI,中药Ⅲ
000990.SZ,,,,,,,
000993.SZ,闽东电力,801160.SI,公用事业,801161.SI,电力,851612.SI,水力发电
000995.SZ,皇台酒业,801120.SI,食品饮料,801125.SI,白酒Ⅱ,851251.SI,白酒Ⅲ
000997.SZ,新大陆,801750.SI,计算机,801101.SI,计算机设备,850703.SI,其他计算机设备
000998.SZ,隆平高科,801010.SI,农林牧渔,801016.SI,种植业,850111.SI,种子
000999.SZ,华润三九,801150.SI,医药生物,801155.SI,中药Ⅱ,851521.SI,中药Ⅲ
001201.SZ,,,,,,,
001202.SZ,,,,,,,
001203.SZ,,,,,,,
001205.SZ,,,,,,,
001206.SZ,,,,,,,
001207.SZ,,,,,,,
001208.SZ,,,,,,,
001209.SZ,,,,,,,
001210.SZ,,,,,,,
001211.SZ,,,,,,,
001212.SZ,,,,,,,
001213.SZ,,,,,,,
001215.SZ,,,,,,,
001216.SZ,,,,,,,
001217.SZ,,,,,,,
001218.SZ,,,,,,,
001219.SZ,,,,,,,
001220.SZ,,,,,,,
001221.SZ,悍高集团,801140.SI,轻工制造,801142.SI,家居用品,851491.SI,其他家居用品
001222.SZ,,,,,,,
001223.SZ,欧克科技,801890.SI,机械设备,801078.SI,自动化设备,850784.SI,其他自动化设备
001225.SZ,和泰机电,801890.SI,机械设备,801074.SI,专用设备,850725.SI,能源及重型设备
001226.SZ,拓山重工,801890.SI,机械设备,801077.SI,工程机械,850772.SI,工程机械器件
001227.SZ,,,,,,,
001228.SZ,永泰运,801170.SI,交通运输,801178.SI,物流,851785.SI,跨境物流
001229.SZ,,,,,,,
001230.SZ,,,,,,,
001231.SZ,,,,,,,
001233.SZ,,,,,,,
001234.SZ,,,,,,,
001236.SZ,,,,,,,
001238.SZ,,,,,,,
001239.SZ,,,,,,,
001255.SZ,博菲电气,801030.SI,基础化工,801036.SI,塑料,850354.SI,合成树脂
001256.SZ,炜冈科技,801890.SI,机械设备,801074.SI,专用设备,850726.SI,印刷包装机械
001257.SZ,,,,,,,
001258.SZ,立新能源,801160.SI,公用事业,801161.SI,电力,851617.SI,风力发电
001259.SZ,利仁科技,801110.SI,家用电器,801113.SI,小家电,851131.SI,厨房小家电
001260.SZ,坤泰股份,801880.SI,汽车,801093.SI,汽车零部件,850922.SI,车身附件及饰件
001266.SZ,宏英智能,801890.SI,机械设备,801078.SI,自动化设备,850782.SI,工控设备
001267.SZ,,,,,,,
001268.SZ,联合精密,801110.SI,家用电器,801116.SI,家电零部件Ⅱ,851161.SI,家电零部件Ⅲ
001269.SZ,欧晶科技,801730.SI,电力设备,801735.SI,光伏设备,857354.SI,光伏辅材
001277.SZ,,,,,,,
001278.SZ,一彬科技,801880.SI,汽车,801093.SI,汽车零部件,850922.SI,车身附件及饰件
001279.SZ,,,,,,,
001280.SZ,,,,,,,
001282.SZ,,,,,,,
001283.SZ,豪鹏科技,801730.SI,电力设备,801737.SI,电池,857371.SI,锂电池
001285.SZ,瑞立科密,801880.SI,汽车,801093.SI,汽车零部件,850923.SI,底盘与发动机系统
001286.SZ,,,,,,,
001287.SZ,中电港,801080.SI,电子,801082.SI,其他电子Ⅱ,850841.SI,其他电子Ⅲ
001288.SZ,,,,,,,
001289.SZ,龙源电力,801160.SI,公用事业,801161.SI,电力,851617.SI,风力发电
001296.SZ,,,,,,,
001298.SZ,好上好,801080.SI,电子,801082.SI,其他电子Ⅱ,850841.SI,其他电子Ⅲ
001299.SZ,,,,,,,
001300.SZ,,,,,,,
001301.SZ,尚太科技,801730.SI,电力设备,801737.SI,电池,857372.SI,电池化学品
001306.SZ,,,,,,,
001308.SZ,康冠科技,801080.SI,电子,801084.SI,光学光电子,850831.SI,面板
001309.SZ,,,,,,,
001311.SZ,多利科技,801880.SI,汽车,801093.SI,汽车零部件,850925.SI,其他汽车零部件
001312.SZ,,,,,,,
001313.SZ,,,,,,,
001314.SZ,,,,,,,
001316.SZ,润贝航科,801960.SI,石油石化,801963.SI,炼化及贸易,859632.SI,油品石化贸易
001317.SZ,,,,,,,
001318.SZ,阳光乳业,801120.SI,食品饮料,801127.SI,饮料乳品,851243.SI,乳品
001319.SZ,铭科精技,801880.SI,汽车,801093.SI,汽车零部件,850922.SI,车身附件及饰件
001322.SZ,箭牌家居,801140.SI,轻工制造,801142.SI,家居用品,851439.SI,卫浴制品
001323.SZ,,,,,,,
001324.SZ,,,,,,,
001325.SZ,,,,,,,
001326.SZ,,,,,,,
001328.SZ,登康口腔,801980.SI,美容护理,801981.SI,个护用品,859812.SI,洗护用品
001330.SZ,,,,,,,
001331.SZ,,,,,,,
001332.SZ,锡装股份,801890.SI,机械设备,801074.SI,专用设备,850725.SI,能源及重型设备
001333.SZ,光华股份,801030.SI,基础化工,801036.SI,塑料,850354.SI,合成树脂
001335.SZ,,,,,,,
001336.SZ,楚环科技,801970.SI,环保,801972.SI,环保设备Ⅱ,859721.SI,环保设备Ⅲ
001337.SZ,四川黄金,801050.SI,有色金属,801053.SI,贵金属,850531.SI,黄金
001338.SZ,永顺泰,801010.SI,农林牧渔,801012.SI,农产品加工,850154.SI,其他农产品加工
001339.SZ,,,,,,,
001356.SZ,,,,,,,
001358.SZ,,,,,,,
001359.SZ,,,,,,,
001360.SZ,南矿集团,801890.SI,机械设备,801074.SI,专用设备,850725.SI,能源及重型设备
001366.SZ,播恩集团,801010.SI,农林牧渔,801014.SI,饲料,850142.SI,畜禽饲料
001367.SZ,海森药业,801150.SI,医药生物,801151.SI,化学制药,851511.SI,原料药
001368.SZ,通达创智,801140.SI,轻工制造,801145.SI,文娱用品,851452.SI,娱乐用品
001369.SZ,,,,,,,
001373.SZ,,,,,,,
001376.SZ,,,,,,,
001378.SZ,,,,,,,
001379.SZ,腾达科技,801890.SI,机械设备,801072.SI,通用设备,850751.SI,金属制品
001380.SZ,,,,,,,
001382.SZ,,,,,,,
001386.SZ,,,,,,,
001387.SZ,,,,,,,
001388.SZ,信通电子,801730.SI,电力设备,801738.SI,电网设备,857321.SI,电网自动化设备
001389.SZ,,,,,,,
001390.SZ,,,,,,,
001391.SZ,,,,,,,
001395.SZ,,,,,,,
001396.SZ,,,,,,,
001400.SZ,江顺科技,801890.SI,机械设备,801074.SI,专用设备,850727.SI,其他专用设备
001696.SZ,宗申动力,801890.SI,机械设备,801072.SI,通用设备,850716.SI,其他通用设备
001872.SZ,招商港口,801170.SI,交通运输,801992.SI,航运港口,851711.SI,港口
001896.SZ,豫能控股,801160.SI,公用事业,801161.SI,电力,851611.SI,火力发电
001914.SZ,,,,,,,
001965.SZ,招商公路,801170.SI,交通运输,801179.SI,铁路公路,851731.SI,高速公路
001979.SZ,,,,,,,
002001.SZ,,,,,,,
002003.SZ,伟星股份,801130.SI,纺织服饰,801131.SI,纺织制造,851315.SI,辅料
002004.SZ,,,,,,,
002006.SZ,精工科技,801890.SI,机械设备,801074.SI,专用设备,850727.SI,其他专用设备
002007.SZ,,,,,,,
002008.SZ,,,,,,,
002009.SZ,天奇股份,801890.SI,机械设备,801074.SI,专用设备,850727.SI,其他专用设备
002010.SZ,传化智联,801170.SI,交通运输,801178.SI,物流,851787.SI,公路货运
002011.SZ,盾安环境,801110.SI,家用电器,801116.SI,家电零部件Ⅱ,851161.SI,家电零部件Ⅲ
002012.SZ,凯恩股份,801140.SI,轻工制造,801143.SI,造纸,851413.SI,特种纸
002014.SZ,永新股份,801140.SI,轻工制造,801141.SI,包装印刷,851424.SI,塑料包装
002015.SZ,协鑫能科,801160.SI,公用事业,801161.SI,电力,851614.SI,热力服务
002016.SZ,世荣兆业,801180.SI,房地产,801181.SI,房地产开发,851811.SI,住宅开发
002017.SZ,东信和平,801770.SI,通信,801102.SI,通信设备,851026.SI,通信终端及配件
002019.SZ,,,,,,,
002020.SZ,京新药业,801150.SI,医药生物,801151.SI,化学制药,851512.SI,化学制剂
002021.SZ,中捷资源,801890.SI,机械设备,801074.SI,专用设备,850721.SI,纺织服装设备
002022.SZ,科华生物,801150.SI,医药生物,801153.SI,医疗器械,851534.SI,体外诊断
002023.SZ,海特高新,801740.SI,国防军工,801742.SI,航空装备Ⅱ,857421.SI,航空装备Ⅲ
002025.SZ,,,,,,,
002026.SZ,山东威达,801890.SI,机械设备,801072.SI,通用设备,850751.SI,金属制品
002027.SZ,分众传媒,801760.SI,传媒,801765.SI,广告营销,857652.SI,广告媒体
002028.SZ,思源电气,801730.SI,电力设备,801738.SI,电网设备,857381.SI,输变电设备
002029.SZ,七匹狼,801130.SI,纺织服饰,801132.SI,服装家纺,851329.SI,非运动服装
002030.SZ,达安基因,801150.SI,医药生物,801153.SI,医疗器械,851534.SI,体外诊断
002031.SZ,巨轮智能,801890.SI,机械设备,801074.SI,专用设备,850727.SI,其他专用设备
002032.SZ,苏泊尔,801110.SI,家用电器,801113.SI,小家电,851131.SI,厨房小家电
002033.SZ,,,,,,,
002034.SZ,旺能环境,801970.SI,环保,801971.SI,环境治理,859713.SI,固废治理
002035.SZ,华帝股份,801110.SI,家用电器,801114.SI,厨卫电器,851141.SI,厨房电器
002036.SZ,,,,,,,
002037.SZ,保利联合,801030.SI,基础化工,801034.SI,化学制品,850337.SI,民爆制品
002038.SZ,,,,,,,
002039.SZ,黔源电力,801160.SI,公用事业,801161.SI,电力,851612.SI,水力发电
002040.SZ,南京港,801170.SI,交通运输,801992.SI,航运港口,851711.SI,港口
002041.SZ,登海种业,801010.SI,农林牧渔,801016.SI,种植业,850111.SI,种子
002042.SZ,华孚时尚,801130.SI,纺织服饰,801131.SI,纺织制造,851312.SI,棉纺
002043.SZ,兔宝宝,801710.SI,建筑材料,801713.SI,装修建材,850614.SI,其他建材
002044.SZ,美年健康,801150.SI,医药生物,801156.SI,医疗服务,851564.SI,医院
002045.SZ,国光电器,801080.SI,电子,801085.SI,消费电子,850853.SI,品牌消费电子
002046.SZ,,,,,,,
002048.SZ,宁波华翔,801880.SI,汽车,801093.SI,汽车零部件,850922.SI,车身附件及饰件
002049.SZ,紫光国微,801080.SI,电子,801081.SI,半导体,850814.SI,数字芯片设计
002050.SZ,三花智控,801110.SI,家用电器,801116.SI,家电零部件Ⅱ,851161.SI,家电零部件Ⅲ
002051.SZ,中工国际,801720.SI,建筑装饰,801724.SI,专业工程,857243.SI,国际工程
002052.SZ,,,,,,,
002053.SZ,,,,,,,
002054.SZ,德美化工,801030.SI,基础化工,801034.SI,化学制品,850338.SI,纺织化学制品
002056.SZ,,,,,,,
002057.SZ,,,,,,,
002059.SZ,,,,,,,
002060.SZ,广东建工,801160.SI,公用事业,801161.SI,电力,851610.SI,电能综合服务
002061.SZ,浙江交科,801720.SI,建筑装饰,801723.SI,基础建设,857236.SI,基建市政工程
002062.SZ,宏润建设,801720.SI,建筑装饰,801723.SI,基础建设,857236.SI,基建市政工程
002063.SZ,远光软件,801750.SI,计算机,801104.SI,软件开发,851041.SI,垂直应用软件
002064.SZ,华峰化学,801030.SI,基础化工,801032.SI,化学纤维,850345.SI,氨纶
002065.SZ,东华软件,801750.SI,计算机,801103.SI,IT服务Ⅱ,852226.SI,IT服务Ⅲ
002066.SZ,瑞泰科技,801710.SI,建筑材料,801713.SI,装修建材,850615.SI,耐火材料
002067.SZ,景兴纸业,801140.SI,轻工制造,801143.SI,造纸,851412.SI,大宗用纸
002068.SZ,黑猫股份,801030.SI,基础化工,801037.SI,橡胶,850363.SI,炭黑
002069.SZ,獐子岛,801010.SI,农林牧渔,801015.SI,渔业,850122.SI,水产养殖
002072.SZ,,,,,,,
002073.SZ,软控股份,801890.SI,机械设备,801074.SI,专用设备,850727.SI,其他专用设备
002074.SZ,国轩高科,801730.SI,电力设备,801737.SI,电池,857371.SI,锂电池
002075.SZ,,,,,,,
002077.SZ,大港股份,801080.SI,电子,801081.SI,半导体,850817.SI,集成电路封测
002078.SZ,太阳纸业,801140.SI,轻工制造,801143.SI,造纸,851412.SI,大宗用纸
002079.SZ,,,,,,,
002080.SZ,中材科技,801710.SI,建筑材料,801712.SI,玻璃玻纤,857122.SI,玻纤制造
002081.SZ,金螳螂,801720.SI,建筑装饰,801722.SI,装修装饰Ⅱ,857221.SI,装修装饰Ⅲ
002083.SZ,孚日股份,801130.SI,纺织服饰,801131.SI,纺织制造,851312.SI,棉纺
002084.SZ,海鸥住工,801140.SI,轻工制造,801142.SI,家居用品,851439.SI,卫浴制品
002085.SZ,万丰奥威,801880.SI,汽车,801093.SI,汽车零部件,850924.SI,轮胎轮毂
002086.SZ,,,,,,,
002088.SZ,鲁阳节能,801710.SI,建筑材料,801713.SI,装修建材,850615.SI,耐火材料
002090.SZ,,,,,,,
002091.SZ,江苏国泰,801200.SI,商贸零售,801202.SI,贸易Ⅱ,852021.SI,贸易Ⅲ
002092.SZ,中泰化学,801030.SI,基础化工,801033.SI,化学原料,850322.SI,氯碱
002093.SZ,,,,,,,
002094.SZ,青岛金王,801980.SI,美容护理,801982.SI,化妆品,859821.SI,化妆品制造及其他
002095.SZ,生意宝,801760.SI,传媒,801767.SI,数字媒体,857674.SI,门户网站
002096.SZ,易普力,801030.SI,基础化工,801034.SI,化学制品,850337.SI,民爆制品
002097.SZ,山河智能,801890.SI,机械设备,801077.SI,工程机械,850771.SI,工程机械整机
002098.SZ,浔兴股份,801130.SI,纺织服饰,801131.SI,纺织制造,851315.SI,辅料
002099.SZ,海翔药业,801150.SI,医药生物,801151.SI,化学制药,851511.SI,原料药
002100.SZ,天康生物,801010.SI,农林牧渔,801014.SI,饲料,850142.SI,畜禽饲料
002101.SZ,广东鸿图,801880.SI,汽车,801093.SI,汽车零部件,850925.SI,其他汽车零部件
002103.SZ,,,,,,,
002104.SZ,恒宝股份,801770.SI,通信,801102.SI,通信设备,851026.SI,通信终端及配件
002105.SZ,信隆健康,801880.SI,汽车,801881.SI,摩托车及其他,858811.SI,其他运输设备
002106.SZ,莱宝高科,801080.SI,电子,801084.SI,光学光电子,850831.SI,面板
002107.SZ,沃华医药,801150.SI,医药生物,801155.SI,中药Ⅱ,851521.SI,中药Ⅲ
002108.SZ,沧州明珠,801030.SI,基础化工,801036.SI,塑料,850351.SI,其他塑料制品
002110.SZ,三钢闽光,801040.SI,钢铁,801044.SI,普钢,850441.SI,长材
002111.SZ,,,,,,,
002112.SZ,三变科技,801730.SI,电力设备,801738.SI,电网设备,857381.SI,输变电设备
002114.SZ,罗平锌电,801050.SI,有色金属,801055.SI,工业金属,850553.SI,铅锌
002115.SZ,三维通信,801770.SI,通信,801223.SI,通信服务,852213.SI,通信工程及服务
002116.SZ,中国海诚,801720.SI,建筑装饰,801724.SI,专业工程,857244.SI,其他专业工程
002117.SZ,东港股份,801140.SI,轻工制造,801141.SI,包装印刷,851422.SI,印刷
002119.SZ,康强电子,801080.SI,电子,801081.SI,半导体,850813.SI,半导体材料
002120.SZ,韵达股份,801170.SI,交通运输,801178.SI,物流,851784.SI,快递
002121.SZ,,,,,,,
002123.SZ,梦网科技,801770.SI,通信,801223.SI,通信服务,852214.SI,通信应用增值服务
002124.SZ,天邦食品,801010.SI,农林牧渔,801017.SI,养殖业,850172.SI,生猪养殖
002125.SZ,,,,,,,
002126.SZ,银轮股份,801880.SI,汽车,801093.SI,汽车零部件,850923.SI,底盘与发动机系统
002127.SZ,,,,,,,
002128.SZ,电投能源,801950.SI,煤炭,801951.SI,煤炭开采,859511.SI,动力煤
002129.SZ,TCL中环,801730.SI,电力设备,801735.SI,光伏设备,857351.SI,硅料硅片
002130.SZ,,,,,,,
002131.SZ,,,,,,,
002132.SZ,,,,,,,
002133.SZ,广宇集团,801180.SI,房地产,801181.SI,房地产开发,851811.SI,住宅开发
002134.SZ,天津普林,801080.SI,电子,801083.SI,元件,850822.SI,印制电路板
002135.SZ,东南网架,801720.SI,建筑装饰,801724.SI,专业工程,857241.SI,钢结构
002136.SZ,,,,,,,
002137.SZ,,,,,,,
002138.SZ,顺络电子,801080.SI,电子,801083.SI,元件,850823.SI,被动元件
002139.SZ,拓邦股份,801080.SI,电子,801085.SI,消费电子,850854.SI,消费电子零部件及组装
002140.SZ,东华科技,801720.SI,建筑装饰,801724.SI,专业工程,857242.SI,化学工程
002141.SZ,,,,,,,
002142.SZ,宁波银行,801780.SI,银行,801784.SI,城商行Ⅱ,857841.SI,城商行Ⅲ
002144.SZ,宏达高科,801130.SI,纺织服饰,801131.SI,纺织制造,851316.SI,其他纺织
002145.SZ,,,,,,,
002146.SZ,荣盛发展,801180.SI,房地产,801181.SI,房地产开发,851811.SI,住宅开发
002148.SZ,,,,,,,
002149.SZ,西部材料,801050.SI,有色金属,801054.SI,小金属,850544.SI,其他小金属
002150.SZ,,,,,,,
002151.SZ,,,,,,,
002152.SZ,广电运通,801750.SI,计算机,801101.SI,计算机设备,850703.SI,其他计算机设备
002153.SZ,石基信息,801750.SI,计算机,801104.SI,软件开发,851041.SI,垂直应用软件
002154.SZ,报喜鸟,801130.SI,纺织服饰,801132.SI,服装家纺,851329.SI,非运动服装
002155.SZ,湖南黄金,801050.SI,有色金属,801053.SI,贵金属,850531.SI,黄金
002156.SZ,通富微电,801080.SI,电子,801081.SI,半导体,850817.SI,集成电路封测
002157.SZ,正邦科技,801010.SI,农林牧渔,801017.SI,养殖业,850172.SI,生猪养殖
002158.SZ,汉钟精机,801890.SI,机械设备,801072.SI,通用设备,850715.SI,制冷空调设备
002159.SZ,,,,,,,
002160.SZ,常铝股份,801050.SI,有色金属,801055.SI,工业金属,850551.SI,铝
002161.SZ,远望谷,801080.SI,电子,801082.SI,其他电子Ⅱ,850841.SI,其他电子Ⅲ
002162.SZ,,,,,,,
002163.SZ,,,,,,,
002164.SZ,宁波东力,801890.SI,机械设备,801072.SI,通用设备,850751.SI,金属制品
002165.SZ,红宝丽,801030.SI,基础化工,801034.SI,化学制品,850372.SI,聚氨酯
002166.SZ,莱茵生物,801030.SI,基础化工,801034.SI,化学制品,850135.SI,食品及饲料添加剂
002167.SZ,东方锆业,801050.SI,有色金属,801054.SI,小金属,850544.SI,其他小金属
002169.SZ,智光电气,801730.SI,电力设备,801738.SI,电网设备,857321.SI,电网自动化设备
002170.SZ,芭田股份,801030.SI,基础化工,801038.SI,农化制品,850381.SI,复合肥
002171.SZ,楚江新材,801050.SI,有色金属,801055.SI,工业金属,850552.SI,铜
002172.SZ,,,,,,,
002173.SZ,创新医疗,801150.SI,医药生物,801156.SI,医疗服务,851564.SI,医院
002174.SZ,游族网络,801760.SI,传媒,801764.SI,游戏Ⅱ,857641.SI,游戏Ⅲ
002176.SZ,,,,,,,
002177.SZ,御银股份,801750.SI,计算机,801101.SI,计算机设备,850703.SI,其他计算机设备
002178.SZ,,,,,,,
002179.SZ,,,,,,,
002180.SZ,,,,,,,
002181.SZ,粤传媒,801760.SI,传媒,801769.SI,出版,857692.SI,大众出版
002182.SZ,,,,,,,
002183.SZ,,,,,,,
002184.SZ,海得控制,801890.SI,机械设备,801078.SI,自动化设备,850782.SI,工控设备
002185.SZ,华天科技,801080.SI,电子,801081.SI,半导体,850817.SI,集成电路封测
002186.SZ,全聚德,801210.SI,社会服务,801219.SI,酒店餐饮,852141.SI,餐饮
002187.SZ,广百股份,801200.SI,商贸零售,801203.SI,一般零售,852031.SI,百货
002188.SZ,中天服务,801180.SI,房地产,801183.SI,房地产服务,851831.SI,物业管理
002189.SZ,,,,,,,
002190.SZ,,,,,,,
002191.SZ,劲嘉股份,801140.SI,轻工制造,801141.SI,包装印刷,851425.SI,纸包装
002192.SZ,,,,,,,
002194.SZ,武汉凡谷,801770.SI,通信,801102.SI,通信设备,851024.SI,通信网络设备及器件
002195.SZ,岩山科技,801750.SI,计算机,801103.SI,IT服务Ⅱ,852226.SI,IT服务Ⅲ
002196.SZ,方正电机,801730.SI,电力设备,801731.SI,电机Ⅱ,850741.SI,电机Ⅲ
002197.SZ,证通电子,801750.SI,计算机,801101.SI,计算机设备,850703.SI,其他计算机设备
002201.SZ,九鼎新材,801710.SI,建筑材料,801712.SI,玻璃玻纤,857122.SI,玻纤制造
002202.SZ,金风科技,801730.SI,电力设备,801736.SI,风电设备,857361.SI,风电整机
002203.SZ,海亮股份,801050.SI,有色金属,801055.SI,工业金属,850552.SI,铜
002204.SZ,大连重工,801890.SI,机械设备,801074.SI,专用设备,850725.SI,能源及重型设备
002205.SZ,,,,,,,
002206.SZ,海利得,801030.SI,基础化工,801032.SI,化学纤维,850341.SI,涤纶
002208.SZ,合肥城建,801180.SI,房地产,801181.SI,房地产开发,851811.SI,住宅开发
002209.SZ,达意隆,801890.SI,机械设备,801074.SI,专用设备,850726.SI,印刷包装机械
002210.SZ,,,,,,,
002212.SZ,,,,,,,
002213.SZ,,,,,,,
002215.SZ,,,,,,,
002216.SZ,,,,,,,
002217.SZ,,,,,,,
002218.SZ,,,,,,,
002219.SZ,新里程,801150.SI,医药生物,801156.SI,医疗服务,851564.SI,医院
002221.SZ,东华能源,801960.SI,石油石化,801963.SI,炼化及贸易,859633.SI,其他石化
002222.SZ,,,,,,,
002223.SZ,鱼跃医疗,801150.SI,医药生物,801153.SI,医疗器械,851532.SI,医疗设备
002224.SZ,三力士,801030.SI,基础化工,801037.SI,橡胶,850362.SI,其他橡胶制品
002225.SZ,濮耐股份,801710.SI,建筑材料,801713.SI,装修建材,850615.SI,耐火材料
002226.SZ,江南化工,801030.SI,基础化工,801034.SI,化学制品,850337.SI,民爆制品
002228.SZ,合兴包装,801140.SI,轻工制造,801141.SI,包装印刷,851425.SI,纸包装
002229.SZ,鸿博股份,801140.SI,轻工制造,801141.SI,包装印刷,851422.SI,印刷
002230.SZ,科大讯飞,801750.SI,计算机,801104.SI,软件开发,851042.SI,横向通用软件
002231.SZ,,,,,,,
002232.SZ,启明信息,801750.SI,计算机,801103.SI,IT服务Ⅱ,852226.SI,IT服务Ⅲ
002233.SZ,塔牌集团,801710.SI,建筑材料,801711.SI,水泥,857111.SI,水泥制造
002234.SZ,民和股份,801010.SI,农林牧渔,801017.SI,养殖业,850173.SI,肉鸡养殖
002235.SZ,安妮股份,801140.SI,轻工制造,801143.SI,造纸,851413.SI,特种纸
002236.SZ,大华股份,801750.SI,计算机,801101.SI,计算机设备,850702.SI,安防设备
002237.SZ,恒邦股份,801050.SI,有色金属,801053.SI,贵金属,850531.SI,黄金
002238.SZ,天威视讯,801760.SI,传媒,801995.SI,电视广播Ⅱ,859951.SI,电视广播Ⅲ
002239.SZ,奥特佳,801880.SI,汽车,801093.SI,汽车零部件,850926.SI,汽车电子电气系统
002240.SZ,盛新锂能,801050.SI,有色金属,801056.SI,能源金属,850543.SI,锂
002241.SZ,歌尔股份,801080.SI,电子,801085.SI,消费电子,850854.SI,消费电子零部件及组装
002242.SZ,九阳股份,801110.SI,家用电器,801113.SI,小家电,851131.SI,厨房小家电
002243.SZ,,,,,,,
002244.SZ,滨江集团,801180.SI,房地产,801181.SI,房地产开发,851811.SI,住宅开发
002245.SZ,蔚蓝锂芯,801730.SI,电力设备,801737.SI,电池,857371.SI,锂电池
002246.SZ,北化股份,801030.SI,基础化工,801034.SI,化学制品,850337.SI,民爆制品
002247.SZ,,,,,,,
002248.SZ,华东数控,801890.SI,机械设备,801072.SI,通用设备,850711.SI,机床工具
002249.SZ,大洋电机,801730.SI,电力设备,801731.SI,电机Ⅱ,850741.SI,电机Ⅲ
002250.SZ,联化科技,801030.SI,基础化工,801038.SI,农化制品,850333.SI,农药
002251.SZ,步步高,801200.SI,商贸零售,801203.SI,一般零售,852032.SI,超市
002252.SZ,上海莱士,801150.SI,医药生物,801152.SI,生物制品,851522.SI,血液制品
002254.SZ,,,,,,,
002255.SZ,,,,,,,
002256.SZ,兆新股份,801160.SI,公用事业,801161.SI,电力,851616.SI,光伏发电
002258.SZ,利尔化学,801030.SI,基础化工,801038.SI,农化制品,850333.SI,农药
002259.SZ,升达林业,801160.SI,公用事业,801163.SI,燃气Ⅱ,851631.SI,燃气Ⅲ
002261.SZ,,,,,,,
002262.SZ,恩华药业,801150.SI,医药生物,801151.SI,化学制药,851512.SI,化学制剂
002263.SZ,,,,,,,
002264.SZ,,,,,,,
002265.SZ,建设工业,801880.SI,汽车,801093.SI,汽车零部件,850923.SI,底盘与发动机系统
002266.SZ,浙富控股,801970.SI,环保,801971.SI,环境治理,859713.SI,固废治理
002267.SZ,陕天然气,801160.SI,公用事业,801163.SI,燃气Ⅱ,851631.SI,燃气Ⅲ
002268.SZ,电科网安,801750.SI,计算机,801101.SI,计算机设备,850703.SI,其他计算机设备
002269.SZ,美邦服饰,801130.SI,纺织服饰,801132.SI,服装家纺,851329.SI,非运动服装
002270.SZ,华明装备,801730.SI,电力设备,801738.SI,电网设备,857381.SI,输变电设备
002271.SZ,,,,,,,
002272.SZ,,,,,,,
002273.SZ,水晶光电,801080.SI,电子,801084.SI,光学光电子,850833.SI,光学元件
002274.SZ,华昌化工,801030.SI,基础化工,801033.SI,化学原料,850325.SI,煤化工
002275.SZ,,,,,,,
002276.SZ,万马股份,801730.SI,电力设备,801738.SI,电网设备,857344.SI,线缆部件及其他
002277.SZ,友阿股份,801200.SI,商贸零售,801203.SI,一般零售,852031.SI,百货
002278.SZ,神开股份,801890.SI,机械设备,801074.SI,专用设备,850725.SI,能源及重型设备
002279.SZ,久其软件,801750.SI,计算机,801104.SI,软件开发,851042.SI,横向通用软件
002281.SZ,光迅科技,801770.SI,通信,801102.SI,通信设备,851024.SI,通信网络设备及器件
002282.SZ,博深股份,801890.SI,机械设备,801072.SI,通用设备,850713.SI,磨具磨料
002283.SZ,天润工业,801880.SI,汽车,801093.SI,汽车零部件,850923.SI,底盘与发动机系统
002284.SZ,亚太股份,801880.SI,汽车,801093.SI,汽车零部件,850923.SI,底盘与发动机系统
002285.SZ,,,,,,,
002286.SZ,保龄宝,801010.SI,农林牧渔,801012.SI,农产品加工,850154.SI,其他农产品加工
002287.SZ,奇正藏药,801150.SI,医药生物,801155.SI,中药Ⅱ,851521.SI,中药Ⅲ
002290.SZ,禾盛新材,801110.SI,家用电器,801116.SI,家电零部件Ⅱ,851161.SI,家电零部件Ⅲ
002291.SZ,,,,,,,
002292.SZ,奥飞娱乐,801760.SI,传媒,801766.SI,影视院线,857661.SI,影视动漫制作
002293.SZ,罗莱生活,801130.SI,纺织服饰,801132.SI,服装家纺,851326.SI,家纺
002294.SZ,信立泰,801150.SI,医药生物,801151.SI,化学制药,851512.SI,化学制剂
002295.SZ,精艺股份,801050.SI,有色金属,801055.SI,工业金属,850552.SI,铜
002296.SZ,辉煌科技,801770.SI,通信,801102.SI,通信设备,851024.SI,通信网络设备及器件
002297.SZ,博云新材,801740.SI,国防军工,801742.SI,航空装备Ⅱ,857421.SI,航空装备Ⅲ
002298.SZ,,,,,,,
002299.SZ,圣农发展,801010.SI,农林牧渔,801017.SI,养殖业,850173.SI,肉鸡养殖
002300.SZ,太阳电缆,801730.SI,电力设备,801738.SI,电网设备,857344.SI,线缆部件及其他
002301.SZ,齐心集团,801140.SI,轻工制造,801145.SI,文娱用品,851451.SI,文化用品
002302.SZ,,,,,,,
002303.SZ,美盈森,801140.SI,轻工制造,801141.SI,包装印刷,851425.SI,纸包装
002304.SZ,洋河股份,801120.SI,食品饮料,801125.SI,白酒Ⅱ,851251.SI,白酒Ⅲ
002307.SZ,北新路桥,801720.SI,建筑装饰,801723.SI,基础建设,857236.SI,基建市政工程
002309.SZ,,,,,,,
002310.SZ,东方新能,801720.SI,建筑装饰,801723.SI,基础建设,857251.SI,园林工程
002311.SZ,,,,,,,
002312.SZ,,,,,,,
002313.SZ,日海智能,801770.SI,通信,801102.SI,通信设备,851026.SI,通信终端及配件
002314.SZ,南山控股,801180.SI,房地产,801181.SI,房地产开发,851811.SI,住宅开发
002315.SZ,焦点科技,801200.SI,商贸零售,801206.SI,互联网电商,852062.SI,跨境电商
002316.SZ,,,,,,,
002317.SZ,众生药业,801150.SI,医药生物,801155.SI,中药Ⅱ,851521.SI,中药Ⅲ
002318.SZ,久立特材,801040.SI,钢铁,801045.SI,特钢Ⅱ,850412.SI,特钢Ⅲ
002319.SZ,乐通股份,801030.SI,基础化工,801034.SI,化学制品,850335.SI,涂料油墨
002320.SZ,,,,,,,
002321.SZ,华英农业,801010.SI,农林牧渔,801017.SI,养殖业,850174.SI,其他养殖
002322.SZ,,,,,,,
002324.SZ,普利特,801030.SI,基础化工,801036.SI,塑料,850353.SI,改性塑料
002326.SZ,永太科技,801030.SI,基础化工,801034.SI,化学制品,850382.SI,氟化工
002327.SZ,富安娜,801130.SI,纺织服饰,801132.SI,服装家纺,851326.SI,家纺
002328.SZ,新朋股份,801880.SI,汽车,801093.SI,汽车零部件,850925.SI,其他汽车零部件
002329.SZ,皇氏集团,801120.SI,食品饮料,801127.SI,饮料乳品,851243.SI,乳品
002330.SZ,得利斯,801120.SI,食品饮料,801124.SI,食品加工,851241.SI,肉制品
002331.SZ,皖通科技,801750.SI,计算机,801103.SI,IT服务Ⅱ,852226.SI,IT服务Ⅲ
002332.SZ,,,,,,,
002333.SZ,,,,,,,
002334.SZ,英威腾,801890.SI,机械设备,801078.SI,自动化设备,850782.SI,工控设备
002335.SZ,科华数据,801730.SI,电力设备,801733.SI,其他电源设备Ⅱ,857336.SI,其他电源设备Ⅲ
002337.SZ,赛象科技,801890.SI,机械设备,801074.SI,专用设备,850727.SI,其他专用设备
002338.SZ,,,,,,,
002339.SZ,积成电子,801730.SI,电力设备,801738.SI,电网设备,857321.SI,电网自动化设备
002340.SZ,,,,,,,
002342.SZ,巨力索具,801890.SI,机械设备,801072.SI,通用设备,850751.SI,金属制品
002343.SZ,慈文传媒,801760.SI,传媒,801766.SI,影视院线,857661.SI,影视动漫制作
002344.SZ,海宁皮城,801200.SI,商贸零售,801203.SI,一般零售,852034.SI,商业物业经营
002345.SZ,潮宏基,801130.SI,纺织服饰,801133.SI,饰品,851331.SI,钟表珠宝
002346.SZ,,,,,,,
002347.SZ,泰尔股份,801890.SI,机械设备,801072.SI,通用设备,850751.SI,金属制品
002348.SZ,高乐股份,801140.SI,轻工制造,801145.SI,文娱用品,851452.SI,娱乐用品
002349.SZ,精华制药,801150.SI,医药生物,801155.SI,中药Ⅱ,851521.SI,中药Ⅲ
002350.SZ,北京科锐,801730.SI,电力设备,801738.SI,电网设备,857382.SI,配电设备
002351.SZ,漫步者,801080.SI,电子,801085.SI,消费电子,850853.SI,品牌消费电子
002352.SZ,顺丰控股,801170.SI,交通运输,801178.SI,物流,851784.SI,快递
002353.SZ,杰瑞股份,801890.SI,机械设备,801074.SI,专用设备,850725.SI,能源及重型设备
002354.SZ,,,,,,,
002355.SZ,兴民智通,801880.SI,汽车,801093.SI,汽车零部件,850924.SI,轮胎轮毂
002356.SZ,赫美集团,801200.SI,商贸零售,801203.SI,一般零售,852033.SI,多业态零售
002357.SZ,富临运业,801170.SI,交通运输,801179.SI,铁路公路,851721.SI,公交
002358.SZ,森源电气,801730.SI,电力设备,801738.SI,电网设备,857381.SI,输变电设备
002361.SZ,,,,,,,
002362.SZ,汉王科技,801750.SI,计算机,801104.SI,软件开发,851041.SI,垂直应用软件
002363.SZ,隆基机械,801880.SI,汽车,801093.SI,汽车零部件,850923.SI,底盘与发动机系统
002364.SZ,中恒电气,801730.SI,电力设备,801733.SI,其他电源设备Ⅱ,857336.SI,其他电源设备Ⅲ
002365.SZ,,,,,,,
002366.SZ,,,,,,,
002367.SZ,,,,,,,
002368.SZ,,,,,,,
002369.SZ,卓翼科技,801080.SI,电子,801085.SI,消费电子,850854.SI,消费电子零部件及组装
002370.SZ,,,,,,,
002371.SZ,,,,,,,
002372.SZ,伟星新材,801710.SI,建筑材料,801713.SI,装修建材,850616.SI,管材
002373.SZ,千方科技,801750.SI,计算机,801103.SI,IT服务Ⅱ,852226.SI,IT服务Ⅲ
002374.SZ,,,,,,,
002375.SZ,亚厦股份,801720.SI,建筑装饰,801722.SI,装修装饰Ⅱ,857221.SI,装修装饰Ⅲ
002376.SZ,新北洋,801750.SI,计算机,801101.SI,计算机设备,850703.SI,其他计算机设备
002377.SZ,,,,,,,
002378.SZ,章源钨业,801050.SI,有色金属,801054.SI,小金属,850542.SI,钨
002379.SZ,宏桥控股,801050.SI,有色金属,801055.SI,工业金属,850551.SI,铝
002380.SZ,科远智慧,801750.SI,计算机,801103.SI,IT服务Ⅱ,852226.SI,IT服务Ⅲ
002381.SZ,,,,,,,
002382.SZ,蓝帆医疗,801150.SI,医药生物,801153.SI,医疗器械,851533.SI,医疗耗材
002383.SZ,合众思壮,801740.SI,国防军工,801745.SI,军工电子Ⅱ,857451.SI,军工电子Ⅲ
002384.SZ,东山精密,801080.SI,电子,801083.SI,元件,850822.SI,印制电路板
002385.SZ,大北农,801010.SI,农林牧渔,801014.SI,饲料,850142.SI,畜禽饲料
002386.SZ,天原股份,801030.SI,基础化工,801033.SI,化学原料,850322.SI,氯碱
002387.SZ,维信诺,801080.SI,电子,801084.SI,光学光电子,850831.SI,面板
002388.SZ,,,,,,,
002389.SZ,航天彩虹,801740.SI,国防军工,801742.SI,航空装备Ⅱ,857421.SI,航空装备Ⅲ
002390.SZ,信邦制药,801150.SI,医药生物,801155.SI,中药Ⅱ,851521.SI,中药Ⅲ
002391.SZ,长青股份,801030.SI,基础化工,801038.SI,农化制品,850333.SI,农药
002392.SZ,北京利尔,801710.SI,建筑材料,801713.SI,装修建材,850615.SI,耐火材料
002393.SZ,力生制药,801150.SI,医药生物,801151.SI,化学制药,851512.SI,化学制剂
002394.SZ,联发股份,801130.SI,纺织服饰,801131.SI,纺织制造,851312.SI,棉纺
002395.SZ,,,,,,,
002396.SZ,星网锐捷,801770.SI,通信,801102.SI,通信设备,851024.SI,通信网络设备及器件
002397.SZ,梦洁股份,801130.SI,纺织服饰,801132.SI,服装家纺,851326.SI,家纺
002398.SZ,垒知集团,801710.SI,建筑材料,801713.SI,装修建材,850614.SI,其他建材
002399.SZ,,,,,,,
002400.SZ,省广集团,801760.SI,传媒,801765.SI,广告营销,857651.SI,营销代理
002401.SZ,中远海科,801750.SI,计算机,801103.SI,IT服务Ⅱ,852226.SI,IT服务Ⅲ
002402.SZ,,,,,,,
002403.SZ,,,,,,,
002404.SZ,,,,,,,
002405.SZ,四维图新,801750.SI,计算机,801104.SI,软件开发,851041.SI,垂直应用软件
002406.SZ,远东传动,801880.SI,汽车,801093.SI,汽车零部件,850923.SI,底盘与发动机系统
002407.SZ,多氟多,801030.SI,基础化工,801034.SI,化学制品,850382.SI,氟化工
002408.SZ,,,,,,,
002409.SZ,雅克科技,801080.SI,电子,801081.SI,半导体,850813.SI,半导体材料
002410.SZ,广联达,801750.SI,计算机,801104.SI,软件开发,851041.SI,垂直应用软件
002412.SZ,汉森制药,801150.SI,医药生物,801155.SI,中药Ⅱ,851521.SI,中药Ⅲ
002413.SZ,,,,,,,
002414.SZ,,,,,,,
002415.SZ,海康威视,801750.SI,计算机,801101.SI,计算机设备,850702.SI,安防设备
002416.SZ,爱施德,801200.SI,商贸零售,801204.SI,专业连锁Ⅱ,852041.SI,专业连锁Ⅲ
002418.SZ,康盛股份,801110.SI,家用电器,801116.SI,家电零部件Ⅱ,851161.SI,家电零部件Ⅲ
002419.SZ,天虹股份,801200.SI,商贸零售,801203.SI,一般零售,852031.SI,百货
002420.SZ,,,,,,,
002421.SZ,达实智能,801750.SI,计算机,801103.SI,IT服务Ⅱ,852226.SI,IT服务Ⅲ
002422.SZ,科伦药业,801150.SI,医药生物,801151.SI,化学制药,851512.SI,化学制剂
002423.SZ,中粮资本,801790.SI,非银金融,801191.SI,多元金融,851922.SI,金融控股
002425.SZ,凯撒文化,801760.SI,传媒,801764.SI,游戏Ⅱ,857641.SI,游戏Ⅲ
002426.SZ,,,,,,,
002427.SZ,尤夫股份,801030.SI,基础化工,801032.SI,化学纤维,850341.SI,涤纶
002428.SZ,云南锗业,801050.SI,有色金属,801054.SI,小金属,850544.SI,其他小金属
002429.SZ,兆驰股份,801110.SI,家用电器,801112.SI,黑色家电,851121.SI,彩电
002430.SZ,,,,,,,
002432.SZ,,,,,,,
002434.SZ,万里扬,801880.SI,汽车,801093.SI,汽车零部件,850923.SI,底盘与发动机系统
002436.SZ,兴森科技,801080.SI,电子,801083.SI,元件,850822.SI,印制电路板
002437.SZ,,,,,,,
002438.SZ,江苏神通,801890.SI,机械设备,801072.SI,通用设备,850751.SI,金属制品
002439.SZ,启明星辰,801750.SI,计算机,801104.SI,软件开发,851042.SI,横向通用软件
002440.SZ,,,,,,,
002441.SZ,众业达,801730.SI,电力设备,801738.SI,电网设备,857382.SI,配电设备
002442.SZ,龙星科技,801030.SI,基础化工,801037.SI,橡胶,850363.SI,炭黑
002443.SZ,金洲管道,801040.SI,钢铁,801045.SI,特钢Ⅱ,850412.SI,特钢Ⅲ
002444.SZ,巨星科技,801890.SI,机械设备,801072.SI,通用设备,850716.SI,其他通用设备
002445.SZ,,,,,,,
002446.SZ,盛路通信,801740.SI,国防军工,801745.SI,军工电子Ⅱ,857451.SI,军工电子Ⅲ
002448.SZ,中原内配,801880.SI,汽车,801093.SI,汽车零部件,850923.SI,底盘与发动机系统
002449.SZ,国星光电,801080.SI,电子,801084.SI,光学光电子,850832.SI,LED
002451.SZ,摩恩电气,801730.SI,电力设备,801738.SI,电网设备,857344.SI,线缆部件及其他
002452.SZ,长高电新,801730.SI,电力设备,801738.SI,电网设备,857381.SI,输变电设备
002453.SZ,,,,,,,
002454.SZ,松芝股份,801880.SI,汽车,801093.SI,汽车零部件,850926.SI,汽车电子电气系统
002455.SZ,,,,,,,
002456.SZ,欧菲光,801080.SI,电子,801084.SI,光学光电子,850833.SI,光学元件
002457.SZ,青龙管业,801710.SI,建筑材料,801713.SI,装修建材,850616.SI,管材
002458.SZ,益生股份,801010.SI,农林牧渔,801017.SI,养殖业,850173.SI,肉鸡养殖
002459.SZ,晶澳科技,801730.SI,电力设备,801735.SI,光伏设备,857352.SI,光伏电池组件
002460.SZ,赣锋锂业,801050.SI,有色金属,801056.SI,能源金属,850543.SI,锂
002461.SZ,珠江啤酒,801120.SI,食品饮料,801126.SI,非白酒,851232.SI,啤酒
002462.SZ,嘉事堂,801150.SI,医药生物,801154.SI,医药商业,851542.SI,医药流通
002463.SZ,沪电股份,801080.SI,电子,801083.SI,元件,850822.SI,印制电路板
002465.SZ,,,,,,,
002466.SZ,天齐锂业,801050.SI,有色金属,801056.SI,能源金属,850543.SI,锂
002467.SZ,二六三,801770.SI,通信,801223.SI,通信服务,852214.SI,通信应用增值服务
002468.SZ,申通快递,801170.SI,交通运输,801178.SI,物流,851784.SI,快递
002469.SZ,三维化学,801720.SI,建筑装饰,801724.SI,专业工程,857242.SI,化学工程
002470.SZ,金正大,801030.SI,基础化工,801038.SI,农化制品,850381.SI,复合肥
002471.SZ,中超控股,801730.SI,电力设备,801738.SI,电网设备,857344.SI,线缆部件及其他
002472.SZ,双环传动,801880.SI,汽车,801093.SI,汽车零部件,850923.SI,底盘与发动机系统
002474.SZ,榕基软件,801750.SI,计算机,801103.SI,IT服务Ⅱ,852226.SI,IT服务Ⅲ
002475.SZ,立讯精密,801080.SI,电子,801085.SI,消费电子,850854.SI,消费电子零部件及组装
002476.SZ,,,,,,,
002478.SZ,常宝股份,801040.SI,钢铁,801045.SI,特钢Ⅱ,850412.SI,特钢Ⅲ
002479.SZ,富春环保,801160.SI,公用事业,801161.SI,电力,851614.SI,热力服务
002480.SZ,,,,,,,
002481.SZ,,,,,,,
002482.SZ,广田集团,801720.SI,建筑装饰,801722.SI,装修装饰Ⅱ,857221.SI,装修装饰Ⅲ
002483.SZ,润邦股份,801890.SI,机械设备,801074.SI,专用设备,850725.SI,能源及重型设备
002484.SZ,,,,,,,
002486.SZ,,,,,,,
002487.SZ,,,,,,,
002488.SZ,金固股份,801880.SI,汽车,801093.SI,汽车零部件,850924.SI,轮胎轮毂
002489.SZ,浙江永强,801140.SI,轻工制造,801142.SI,家居用品,851437.SI,成品家居
002490.SZ,山东墨龙,801890.SI,机械设备,801074.SI,专用设备,850725.SI,能源及重型设备
002491.SZ,通鼎互联,801770.SI,通信,801102.SI,通信设备,851025.SI,通信线缆及配套
002492.SZ,恒基达鑫,801170.SI,交通运输,801178.SI,物流,851786.SI,仓储物流
002493.SZ,,,,,,,
002494.SZ,华斯股份,801130.SI,纺织服饰,801132.SI,服装家纺,851329.SI,非运动服装
002495.SZ,佳隆股份,801120.SI,食品饮料,801129.SI,调味发酵品Ⅱ,851242.SI,调味发酵品Ⅲ
002497.SZ,,,,,,,
002498.SZ,汉缆股份,801730.SI,电力设备,801738.SI,电网设备,857344.SI,线缆部件及其他
002500.SZ,山西证券,801790.SI,非银金融,801193.SI,证券Ⅱ,851931.SI,证券Ⅲ
002506.SZ,协鑫集成,801730.SI,电力设备,801735.SI,光伏设备,857352.SI,光伏电池组件
002507.SZ,,,,,,,
002508.SZ,,,,,,,
002510.SZ,天汽模,801880.SI,汽车,801093.SI,汽车零部件,850925.SI,其他汽车零部件
002511.SZ,中顺洁柔,801980.SI,美容护理,801981.SI,个护用品,859811.SI,生活用纸
002513.SZ,蓝丰生化,801030.SI,基础化工,801038.SI,农化制品,850333.SI,农药
002515.SZ,金字火腿,801120.SI,食品饮料,801124.SI,食品加工,851241.SI,肉制品
002516.SZ,旷达科技,801880.SI,汽车,801093.SI,汽车零部件,850922.SI,车身附件及饰件
002517.SZ,恺英网络,801760.SI,传媒,801764.SI,游戏Ⅱ,857641.SI,游戏Ⅲ
002518.SZ,科士达,801730.SI,电力设备,801733.SI,其他电源设备Ⅱ,857336.SI,其他电源设备Ⅲ
002519.SZ,,,,,,,
002520.SZ,日发精机,801890.SI,机械设备,801072.SI,通用设备,850711.SI,机床工具
002521.SZ,,,,,,,
002522.SZ,,,,,,,
002523.SZ,天桥起重,801890.SI,机械设备,801074.SI,专用设备,850725.SI,能源及重型设备
002524.SZ,光正眼科,801150.SI,医药生物,801156.SI,医疗服务,851564.SI,医院
002526.SZ,山东矿机,801890.SI,机械设备,801074.SI,专用设备,850725.SI,能源及重型设备
002527.SZ,,,,,,,
002530.SZ,,,,,,,
002531.SZ,天顺风能,801730.SI,电力设备,801736.SI,风电设备,857362.SI,风电零部件
002532.SZ,,,,,,,
002533.SZ,金杯电工,801730.SI,电力设备,801738.SI,电网设备,857344.SI,线缆部件及其他
002534.SZ,,,,,,,
002535.SZ,林州重机,801890.SI,机械设备,801074.SI,专用设备,850725.SI,能源及重型设备
002536.SZ,飞龙股份,801880.SI,汽车,801093.SI,汽车零部件,850923.SI,底盘与发动机系统
002537.SZ,,,,,,,
002539.SZ,云图控股,801030.SI,基础化工,801038.SI,农化制品,850381.SI,复合肥
002540.SZ,亚太科技,801050.SI,有色金属,801055.SI,工业金属,850551.SI,铝
002541.SZ,鸿路钢构,801720.SI,建筑装饰,801724.SI,专业工程,857241.SI,钢结构
002543.SZ,万和电气,801110.SI,家用电器,801114.SI,厨卫电器,851142.SI,卫浴电器
002544.SZ,普天科技,801770.SI,通信,801223.SI,通信服务,852213.SI,通信工程及服务
002545.SZ,,,,,,,
002546.SZ,新联电子,801730.SI,电力设备,801738.SI,电网设备,857323.SI,电工仪器仪表
002548.SZ,,,,,,,
002549.SZ,凯美特气,801030.SI,基础化工,801034.SI,化学制品,850339.SI,其他化学制品
002550.SZ,千红制药,801150.SI,医药生物,801151.SI,化学制药,851512.SI,化学制剂
002551.SZ,,,,,,,
002552.SZ,宝鼎科技,801890.SI,机械设备,801072.SI,通用设备,850751.SI,金属制品
002553.SZ,南方精工,801880.SI,汽车,801093.SI,汽车零部件,850923.SI,底盘与发动机系统
002554.SZ,惠博普,801960.SI,石油石化,801962.SI,油服工程,859622.SI,油气及炼化工程
002555.SZ,三七互娱,801760.SI,传媒,801764.SI,游戏Ⅱ,857641.SI,游戏Ⅲ
002556.SZ,,,,,,,
002557.SZ,,,,,,,
002558.SZ,巨人网络,801760.SI,传媒,801764.SI,游戏Ⅱ,857641.SI,游戏Ⅲ
002559.SZ,亚威股份,801890.SI,机械设备,801072.SI,通用设备,850711.SI,机床工具
002560.SZ,通达股份,801730.SI,电力设备,801738.SI,电网设备,857344.SI,线缆部件及其他
002561.SZ,徐家汇,801200.SI,商贸零售,801203.SI,一般零售,852031.SI,百货
002562.SZ,,,,,,,
002563.SZ,森马服饰,801130.SI,纺织服饰,801132.SI,服装家纺,851329.SI,非运动服装
002564.SZ,,,,,,,
002565.SZ,,,,,,,
002566.SZ,,,,,,,
002567.SZ,,,,,,,
002568.SZ,百润股份,801120.SI,食品饮料,801126.SI,非白酒,851233.SI,其他酒类
002570.SZ,贝因美,801120.SI,食品饮料,801127.SI,饮料乳品,851243.SI,乳品
002571.SZ,,,,,,,
002572.SZ,,,,,,,
002573.SZ,,,,,,,
002574.SZ,明牌珠宝,801130.SI,纺织服饰,801133.SI,饰品,851331.SI,钟表珠宝
002575.SZ,群兴玩具,801140.SI,轻工制造,801145.SI,文娱用品,851452.SI,娱乐用品
002576.SZ,通达动力,801730.SI,电力设备,801731.SI,电机Ⅱ,850741.SI,电机Ⅲ
002577.SZ,雷柏科技,801750.SI,计算机,801101.SI,计算机设备,850703.SI,其他计算机设备
002578.SZ,闽发铝业,801050.SI,有色金属,801055.SI,工业金属,850551.SI,铝
002579.SZ,中京电子,801080.SI,电子,801083.SI,元件,850822.SI,印制电路板
002580.SZ,圣阳股份,801730.SI,电力设备,801737.SI,电池,857375.SI,蓄电池及其他电池
002582.SZ,,,,,,,
002583.SZ,海能达,801770.SI,通信,801102.SI,通信设备,851024.SI,通信网络设备及器件
002584.SZ,,,,,,,
002585.SZ,双星新材,801030.SI,基础化工,801036.SI,塑料,850355.SI,膜材料
002587.SZ,奥拓电子,801080.SI,电子,801084.SI,光学光电子,850832.SI,LED
002588.SZ,史丹利,801030.SI,基础化工,801038.SI,农化制品,850381.SI,复合肥
002589.SZ,,,,,,,
002590.SZ,万安科技,801880.SI,汽车,801093.SI,汽车零部件,850923.SI,底盘与发动机系统
002591.SZ,,,,,,,
002593.SZ,日上集团,801720.SI,建筑装饰,801724.SI,专业工程,857241.SI,钢结构
002594.SZ,比亚迪,801880.SI,汽车,801095.SI,乘用车,850951.SI,电动乘用车
002595.SZ,豪迈科技,801890.SI,机械设备,801074.SI,专用设备,850727.SI,其他专用设备
002596.SZ,,,,,,,
002597.SZ,,,,,,,
002599.SZ,盛通股份,801140.SI,轻工制造,801141.SI,包装印刷,851422.SI,印刷
002600.SZ,领益智造,801080.SI,电子,801085.SI,消费电子,850854.SI,消费电子零部件及组装
002601.SZ,,,,,,,
002602.SZ,世纪华通,801760.SI,传媒,801764.SI,游戏Ⅱ,857641.SI,游戏Ⅲ
002603.SZ,以岭药业,801150.SI,医药生物,801155.SI,中药Ⅱ,851521.SI,中药Ⅲ
002605.SZ,,,,,,,
002606.SZ,大连电瓷,801730.SI,电力设备,801738.SI,电网设备,857344.SI,线缆部件及其他
002607.SZ,中公教育,801210.SI,社会服务,801994.SI,教育,859852.SI,培训教育
002608.SZ,江苏国信,801160.SI,公用事业,801161.SI,电力,851611.SI,火力发电
002609.SZ,捷顺科技,801750.SI,计算机,801103.SI,IT服务Ⅱ,852226.SI,IT服务Ⅲ
002611.SZ,东方精工,801890.SI,机械设备,801074.SI,专用设备,850726.SI,印刷包装机械
002612.SZ,朗姿股份,801130.SI,纺织服饰,801132.SI,服装家纺,851329.SI,非运动服装
002613.SZ,,,,,,,
002614.SZ,奥佳华,801110.SI,家用电器,801117.SI,其他家电Ⅱ,851171.SI,其他家电Ⅲ
002615.SZ,,,,,,,
002616.SZ,,,,,,,
002617.SZ,露笑科技,801160.SI,公用事业,801161.SI,电力,851616.SI,光伏发电
002622.SZ,,,,,,,
002623.SZ,,,,,,,
002624.SZ,完美世界,801760.SI,传媒,801764.SI,游戏Ⅱ,857641.SI,游戏Ⅲ
002625.SZ,光启技术,801740.SI,国防军工,801742.SI,航空装备Ⅱ,857421.SI,航空装备Ⅲ
002626.SZ,,,,,,,
002627.SZ,,,,,,,
002628.SZ,成都路桥,801720.SI,建筑装饰,801723.SI,基础建设,857236.SI,基建市政工程
002629.SZ,仁智股份,801960.SI,石油石化,801962.SI,油服工程,859621.SI,油田服务
002631.SZ,,,,,,,
002632.SZ,,,,,,,
002633.SZ,申科股份,801890.SI,机械设备,801072.SI,通用设备,850751.SI,金属制品
002635.SZ,,,,,,,
002636.SZ,,,,,,,
002637.SZ,,,,,,,
002638.SZ,,,,,,,
002639.SZ,雪人集团,801890.SI,机械设备,801072.SI,通用设备,850715.SI,制冷空调设备
002640.SZ,,,,,,,
002641.SZ,公元股份,801710.SI,建筑材料,801713.SI,装修建材,850616.SI,管材
002642.SZ,荣联科技,801750.SI,计算机,801103.SI,IT服务Ⅱ,852226.SI,IT服务Ⅲ
002643.SZ,,,,,,,
002644.SZ,佛慈制药,801150.SI,医药生物,801155.SI,中药Ⅱ,851521.SI,中药Ⅲ
002645.SZ,,,,,,,
002646.SZ,,,,,,,
002647.SZ,*ST仁东,801790.SI,非银金融,801191.SI,多元金融,851926.SI,金融信息服务
002648.SZ,卫星化学,801030.SI,基础化工,801033.SI,化学原料,850324.SI,其他化学原料
002649.SZ,博彦科技,801750.SI,计算机,801103.SI,IT服务Ⅱ,852226.SI,IT服务Ⅲ
002651.SZ,,,,,,,
002652.SZ,扬子新材,801710.SI,建筑材料,801713.SI,装修建材,850614.SI,其他建材
002653.SZ,海思科,801150.SI,医药生物,801151.SI,化学制药,851512.SI,化学制剂
002654.SZ,万润科技,801080.SI,电子,801084.SI,光学光电子,850832.SI,LED
002655.SZ,共达电声,801080.SI,电子,801085.SI,消费电子,850854.SI,消费电子零部件及组装
002657.SZ,中科金财,801750.SI,计算机,801103.SI,IT服务Ⅱ,852226.SI,IT服务Ⅲ
002658.SZ,雪迪龙,801970.SI,环保,801972.SI,环保设备Ⅱ,859721.SI,环保设备Ⅲ
002659.SZ,凯文教育,801210.SI,社会服务,801994.SI,教育,859851.SI,学历教育
002660.SZ,,,,,,,
002661.SZ,,,,,,,
002662.SZ,峰璟股份,801880.SI,汽车,801093.SI,汽车零部件,850922.SI,车身附件及饰件
002663.SZ,普邦股份,801720.SI,建筑装饰,801723.SI,基础建设,857251.SI,园林工程
002664.SZ,,,,,,,
002666.SZ,,,,,,,
002668.SZ,,,,,,,
002669.SZ,,,,,,,
002670.SZ,国盛证券,801790.SI,非银金融,801193.SI,证券Ⅱ,851931.SI,证券Ⅲ
002671.SZ,,,,,,,
002672.SZ,东江环保,801970.SI,环保,801971.SI,环境治理,859713.SI,固废治理
002673.SZ,西部证券,801790.SI,非银金融,801193.SI,证券Ⅱ,851931.SI,证券Ⅲ
002674.SZ,兴业科技,801130.SI,纺织服饰,801131.SI,纺织制造,851315.SI,辅料
002675.SZ,东诚药业,801150.SI,医药生物,801151.SI,化学制药,851512.SI,化学制剂
002676.SZ,,,,,,,
002677.SZ,,,,,,,
002678.SZ,,,,,,,
002679.SZ,,,,,,,
002681.SZ,,,,,,,
002682.SZ,,,,,,,
002683.SZ,广东宏大,801030.SI,基础化工,801034.SI,化学制品,850337.SI,民爆制品
002685.SZ,,,,,,,
002686.SZ,,,,,,,
002687.SZ,乔治白,801130.SI,纺织服饰,801132.SI,服装家纺,851329.SI,非运动服装
002688.SZ,金河生物,801010.SI,农林牧渔,801018.SI,动物保健Ⅱ,850181.SI,动物保健Ⅲ
002690.SZ,美亚光电,801890.SI,机械设备,801074.SI,专用设备,850727.SI,其他专用设备
002692.SZ,远程股份,801730.SI,电力设备,801738.SI,电网设备,857344.SI,线缆部件及其他
002695.SZ,,,,,,,
002696.SZ,,,,,,,
002697.SZ,红旗连锁,801200.SI,商贸零售,801203.SI,一般零售,852032.SI,超市
002698.SZ,,,,,,,
002700.SZ,万憬能源,801160.SI,公用事业,801163.SI,燃气Ⅱ,851631.SI,燃气Ⅲ
002701.SZ,,,,,,,
002702.SZ,,,,,,,
002703.SZ,浙江世宝,801880.SI,汽车,801093.SI,汽车零部件,850923.SI,底盘与发动机系统
002705.SZ,新宝股份,801110.SI,家用电器,801113.SI,小家电,851131.SI,厨房小家电
002706.SZ,良信股份,801730.SI,电力设备,801738.SI,电网设备,857382.SI,配电设备
002707.SZ,众信旅游,801210.SI,社会服务,801993.SI,旅游及景区,852131.SI,旅游综合
002708.SZ,光洋股份,801880.SI,汽车,801093.SI,汽车零部件,850923.SI,底盘与发动机系统
002709.SZ,,,,,,,
002712.SZ,思美传媒,801760.SI,传媒,801765.SI,广告营销,857651.SI,营销代理
002714.SZ,牧原股份,801010.SI,农林牧渔,801017.SI,养殖业,850172.SI,生猪养殖
002715.SZ,登云股份,801880.SI,汽车,801093.SI,汽车零部件,850923.SI,底盘与发动机系统
002716.SZ,,,,,,,
002718.SZ,友邦吊顶,801710.SI,建筑材料,801713.SI,装修建材,850614.SI,其他建材
002721.SZ,金一文化,801130.SI,纺织服饰,801133.SI,饰品,851331.SI,钟表珠宝
002722.SZ,,,,,,,
002723.SZ,小崧股份,801110.SI,家用电器,801115.SI,照明设备Ⅱ,851151.SI,照明设备Ⅲ
002724.SZ,,,,,,,
002725.SZ,跃岭股份,801880.SI,汽车,801093.SI,汽车零部件,850924.SI,轮胎轮毂
002727.SZ,一心堂,801150.SI,医药生物,801154.SI,医药商业,851543.SI,线下药店
002728.SZ,特一药业,801150.SI,医药生物,801155.SI,中药Ⅱ,851521.SI,中药Ⅲ
002729.SZ,好利科技,801080.SI,电子,801082.SI,其他电子Ⅱ,850841.SI,其他电子Ⅲ
002730.SZ,,,,,,,
002732.SZ,,,,,,,
002733.SZ,,,,,,,
002734.SZ,利民股份,801030.SI,基础化工,801038.SI,农化制品,850333.SI,农药
002735.SZ,,,,,,,
002736.SZ,,,,,,,
002737.SZ,,,,,,,
002738.SZ,,,,,,,
002739.SZ,万达电影,801760.SI,传媒,801766.SI,影视院线,857662.SI,院线
002741.SZ,,,,,,,
002742.SZ,*ST三圣,801150.SI,医药生物,801151.SI,化学制药,851512.SI,化学制剂
002743.SZ,富煌钢构,801720.SI,建筑装饰,801724.SI,专业工程,857241.SI,钢结构
002745.SZ,木林森,801080.SI,电子,801084.SI,光学光电子,850832.SI,LED
002746.SZ,仙坛股份,801010.SI,农林牧渔,801017.SI,养殖业,850173.SI,肉鸡养殖
002747.SZ,,,,,,,
002748.SZ,,,,,,,
002749.SZ,国光股份,801030.SI,基础化工,801038.SI,农化制品,850333.SI,农药
002752.SZ,昇兴股份,801140.SI,轻工制造,801141.SI,包装印刷,851423.SI,金属包装
002753.SZ,永东股份,801030.SI,基础化工,801037.SI,橡胶,850363.SI,炭黑
002755.SZ,奥赛康,801150.SI,医药生物,801151.SI,化学制药,851512.SI,化学制剂
002756.SZ,永兴材料,801050.SI,有色金属,801056.SI,能源金属,850543.SI,锂
002757.SZ,,,,,,,
002758.SZ,,,,,,,
002759.SZ,天际股份,801730.SI,电力设备,801737.SI,电池,857372.SI,电池化学品
002760.SZ,凤形股份,801890.SI,机械设备,801072.SI,通用设备,850713.SI,磨具磨料
002761.SZ,,,,,,,
002763.SZ,,,,,,,
002765.SZ,,,,,,,
002766.SZ,,,,,,,
002767.SZ,,,,,,,
002768.SZ,,,,,,,
002769.SZ,普路通,801170.SI,交通运输,801178.SI,物流,851783.SI,中间产品及消费品供应链服务
002771.SZ,,,,,,,
002772.SZ,,,,,,,
002773.SZ,,,,,,,
002774.SZ,快意电梯,801890.SI,机械设备,801074.SI,专用设备,850728.SI,楼宇设备
002775.SZ,,,,,,,
002777.SZ,,,,,,,
002778.SZ,,,,,,,
002779.SZ,中坚科技,801890.SI,机械设备,801074.SI,专用设备,850727.SI,其他专用设备
002780.SZ,三夫户外,801130.SI,纺织服饰,801132.SI,服装家纺,851328.SI,运动服装
002782.SZ,,,,,,,
002783.SZ,,,,,,,
002785.SZ,万里石,801710.SI,建筑材料,801713.SI,装修建材,850614.SI,其他建材
002786.SZ,银宝山新,801890.SI,机械设备,801074.SI,专用设备,850727.SI,其他专用设备
002787.SZ,华源控股,801140.SI,轻工制造,801141.SI,包装印刷,851423.SI,金属包装
002788.SZ,鹭燕医药,801150.SI,医药生物,801154.SI,医药商业,851542.SI,医药流通
002790.SZ,瑞尔特,801140.SI,轻工制造,801142.SI,家居用品,851439.SI,卫浴制品
002791.SZ,坚朗五金,801710.SI,建筑材料,801713.SI,装修建材,850614.SI,其他建材
002792.SZ,通宇通讯,801770.SI,通信,801102.SI,通信设备,851024.SI,通信网络设备及器件
002793.SZ,,,,,,,
002795.SZ,永和智控,801890.SI,机械设备,801072.SI,通用设备,850751.SI,金属制品
002796.SZ,世嘉科技,801770.SI,通信,801102.SI,通信设备,851024.SI,通信网络设备及器件
002797.SZ,第一创业,801790.SI,非银金融,801193.SI,证券Ⅱ,851931.SI,证券Ⅲ
002798.SZ,,,,,,,
002799.SZ,环球印务,801140.SI,轻工制造,801141.SI,包装印刷,851425.SI,纸包装
002800.SZ,天顺股份,801170.SI,交通运输,801178.SI,物流,851787.SI,公路货运
002801.SZ,微光股份,801730.SI,电力设备,801731.SI,电机Ⅱ,850741.SI,电机Ⅲ
002802.SZ,洪汇新材,801030.SI,基础化工,801034.SI,化学制品,850339.SI,其他化学制品
002803.SZ,吉宏股份,801200.SI,商贸零售,801206.SI,互联网电商,852062.SI,跨境电商
002805.SZ,,,,,,,
002806.SZ,,,,,,,
002807.SZ,江阴银行,801780.SI,银行,801785.SI,农商行Ⅱ,857851.SI,农商行Ⅲ
002809.SZ,红墙股份,801030.SI,基础化工,801034.SI,化学制品,850339.SI,其他化学制品
002810.SZ,山东赫达,801030.SI,基础化工,801034.SI,化学制品,850339.SI,其他化学制品
002811.SZ,郑中设计,801720.SI,建筑装饰,801722.SI,装修装饰Ⅱ,857221.SI,装修装饰Ⅲ
002812.SZ,,,,,,,
002813.SZ,路畅科技,801880.SI,汽车,801093.SI,汽车零部件,850926.SI,汽车电子电气系统
002815.SZ,崇达技术,801080.SI,电子,801083.SI,元件,850822.SI,印制电路板
002817.SZ,黄山胶囊,801150.SI,医药生物,801151.SI,化学制药,851511.SI,原料药
002818.SZ,,,,,,,
002819.SZ,东方中科,801890.SI,机械设备,801072.SI,通用设备,850731.SI,仪器仪表
002820.SZ,,,,,,,
002821.SZ,,,,,,,
002823.SZ,凯中精密,801730.SI,电力设备,801731.SI,电机Ⅱ,850741.SI,电机Ⅲ
002824.SZ,,,,,,,
002825.SZ,纳尔股份,801030.SI,基础化工,801036.SI,塑料,850351.SI,其他塑料制品
002826.SZ,,,,,,,
002827.SZ,高争民爆,801030.SI,基础化工,801034.SI,化学制品,850337.SI,民爆制品
002828.SZ,贝肯能源,801960.SI,石油石化,801962.SI,油服工程,859621.SI,油田服务
002829.SZ,,,,,,,
002830.SZ,,,,,,,
002831.SZ,裕同科技,801140.SI,轻工制造,801141.SI,包装印刷,851425.SI,纸包装
002832.SZ,,,,,,,
002833.SZ,,,,,,,
002835.SZ,,,,,,,
002836.SZ,,,,,,,
002837.SZ,英维克,801890.SI,机械设备,801074.SI,专用设备,850727.SI,其他专用设备
002838.SZ,道恩股份,801030.SI,基础化工,801036.SI,塑料,850353.SI,改性塑料
002839.SZ,张家港行,801780.SI,银行,801785.SI,农商行Ⅱ,857851.SI,农商行Ⅲ
002840.SZ,华统股份,801120.SI,食品饮料,801124.SI,食品加工,851241.SI,肉制品
002841.SZ,,,,,,,
002842.SZ,翔鹭钨业,801050.SI,有色金属,801054.SI,小金属,850542.SI,钨
002843.SZ,泰嘉股份,801890.SI,机械设备,801072.SI,通用设备,850751.SI,金属制品
002845.SZ,,,,,,,
002846.SZ,,,,,,,
002847.SZ,,,,,,,
002849.SZ,威星智能,801890.SI,机械设备,801072.SI,通用设备,850731.SI,仪器仪表
002850.SZ,科达利,801730.SI,电力设备,801737.SI,电池,857371.SI,锂电池
002851.SZ,麦格米特,801730.SI,电力设备,801733.SI,其他电源设备Ⅱ,857336.SI,其他电源设备Ⅲ
002852.SZ,道道全,801010.SI,农林牧渔,801012.SI,农产品加工,850152.SI,粮油加工
002853.SZ,皮阿诺,801140.SI,轻工制造,801142.SI,家居用品,851438.SI,定制家居
002855.SZ,捷荣技术,801080.SI,电子,801085.SI,消费电子,850854.SI,消费电子零部件及组装
002857.SZ,,,,,,,
002858.SZ,,,,,,,
002859.SZ,洁美科技,801080.SI,电子,801082.SI,其他电子Ⅱ,850841.SI,其他电子Ⅲ
002860.SZ,星帅尔,801110.SI,家用电器,801116.SI,家电零部件Ⅱ,851161.SI,家电零部件Ⅲ
002861.SZ,瀛通通讯,801080.SI,电子,801085.SI,消费电子,850854.SI,消费电子零部件及组装
002862.SZ,实丰文化,801140.SI,轻工制造,801145.SI,文娱用品,851452.SI,娱乐用品
002863.SZ,今飞凯达,801880.SI,汽车,801093.SI,汽车零部件,850924.SI,轮胎轮毂
002864.SZ,盘龙药业,801150.SI,医药生物,801155.SI,中药Ⅱ,851521.SI,中药Ⅲ
002865.SZ,,,,,,,
002866.SZ,,,,,,,
002867.SZ,周大生,801130.SI,纺织服饰,801133.SI,饰品,851331.SI,钟表珠宝
002868.SZ,*ST绿康,801010.SI,农林牧渔,801018.SI,动物保健Ⅱ,850181.SI,动物保健Ⅲ
002869.SZ,,,,,,,
002870.SZ,,,,,,,
002871.SZ,伟隆股份,801890.SI,机械设备,801072.SI,通用设备,850751.SI,金属制品
002873.SZ,新天药业,801150.SI,医药生物,801155.SI,中药Ⅱ,851521.SI,中药Ⅲ
002875.SZ,安奈儿,801130.SI,纺织服饰,801132.SI,服装家纺,851329.SI,非运动服装
002876.SZ,三利谱,801080.SI,电子,801084.SI,光学光电子,850831.SI,面板
002877.SZ,智能自控,801890.SI,机械设备,801072.SI,通用设备,850751.SI,金属制品
002878.SZ,,,,,,,
002879.SZ,长缆科技,801730.SI,电力设备,801738.SI,电网设备,857344.SI,线缆部件及其他
002880.SZ,卫光生物,801150.SI,医药生物,801152.SI,生物制品,851522.SI,血液制品
002881.SZ,,,,,,,
002882.SZ,金龙羽,801730.SI,电力设备,801738.SI,电网设备,857344.SI,线缆部件及其他
002884.SZ,凌霄泵业,801890.SI,机械设备,801072.SI,通用设备,850716.SI,其他通用设备
002885.SZ,,,,,,,
002886.SZ,沃特股份,801030.SI,基础化工,801036.SI,塑料,850353.SI,改性塑料
002887.SZ,绿茵生态,801970.SI,环保,801971.SI,环境治理,859714.SI,综合环境治理
002888.SZ,惠威科技,801080.SI,电子,801085.SI,消费电子,850853.SI,品牌消费电子
002889.SZ,东方嘉盛,801170.SI,交通运输,801178.SI,物流,851783.SI,中间产品及消费品供应链服务
002890.SZ,弘宇股份,801890.SI,机械设备,801074.SI,专用设备,850723.SI,农用机械
002891.SZ,中宠股份,801010.SI,农林牧渔,801014.SI,饲料,850144.SI,宠物食品
002892.SZ,科力尔,801730.SI,电力设备,801731.SI,电机Ⅱ,850741.SI,电机Ⅲ
002893.SZ,京能热力,801160.SI,公用事业,801161.SI,电力,851614.SI,热力服务
002895.SZ,川恒股份,801030.SI,基础化工,801038.SI,农化制品,850332.SI,磷肥及磷化工
002896.SZ,,,,,,,
002897.SZ,,,,,,,
002899.SZ,英派斯,801140.SI,轻工制造,801145.SI,文娱用品,851452.SI,娱乐用品
002900.SZ,哈三联,801150.SI,医药生物,801151.SI,化学制药,851512.SI,化学制剂
002901.SZ,大博医疗,801150.SI,医药生物,801153.SI,医疗器械,851533.SI,医疗耗材
002902.SZ,铭普光磁,801770.SI,通信,801102.SI,通信设备,851024.SI,通信网络设备及器件
002903.SZ,宇环数控,801890.SI,机械设备,801072.SI,通用设备,850711.SI,机床工具
002905.SZ,金逸影视,801760.SI,传媒,801766.SI,影视院线,857662.SI,院线
002906.SZ,华阳集团,801880.SI,汽车,801093.SI,汽车零部件,850926.SI,汽车电子电气系统
002907.SZ,华森制药,801150.SI,医药生物,801155.SI,中药Ⅱ,851521.SI,中药Ⅲ
002908.SZ,,,,,,,
002909.SZ,,,,,,,
002910.SZ,庄园牧场,801120.SI,食品饮料,801127.SI,饮料乳品,851243.SI,乳品
002911.SZ,佛燃能源,801160.SI,公用事业,801163.SI,燃气Ⅱ,851631.SI,燃气Ⅲ
002912.SZ,中新赛克,801750.SI,计算机,801101.SI,计算机设备,850703.SI,其他计算机设备
002913.SZ,奥士康,801080.SI,电子,801083.SI,元件,850822.SI,印制电路板
002915.SZ,中欣氟材,801030.SI,基础化工,801034.SI,化学制品,850382.SI,氟化工
002916.SZ,深南电路,801080.SI,电子,801083.SI,元件,850822.SI,印制电路板
002917.SZ,金奥博,801030.SI,基础化工,801034.SI,化学制品,850337.SI,民爆制品
002918.SZ,,,,,,,
002919.SZ,,,,,,,
002920.SZ,德赛西威,801750.SI,计算机,801104.SI,软件开发,851041.SI,垂直应用软件
002921.SZ,联诚精密,801880.SI,汽车,801093.SI,汽车零部件,850925.SI,其他汽车零部件
002922.SZ,伊戈尔,801080.SI,电子,801082.SI,其他电子Ⅱ,850841.SI,其他电子Ⅲ
002923.SZ,润都股份,801150.SI,医药生物,801151.SI,化学制药,851512.SI,化学制剂
002925.SZ,,,,,,,
002926.SZ,华西证券,801790.SI,非银金融,801193.SI,证券Ⅱ,851931.SI,证券Ⅲ
002927.SZ,泰永长征,801730.SI,电力设备,801738.SI,电网设备,857382.SI,配电设备
002928.SZ,,,,,,,
002929.SZ,润建股份,801770.SI,通信,801223.SI,通信服务,852213.SI,通信工程及服务
002930.SZ,宏川智慧,801170.SI,交通运输,801178.SI,物流,851786.SI,仓储物流
002931.SZ,锋龙股份,801890.SI,机械设备,801072.SI,通用设备,850751.SI,金属制品
002933.SZ,新兴装备,801740.SI,国防军工,801742.SI,航空装备Ⅱ,857421.SI,航空装备Ⅲ
002935.SZ,,,,,,,
002936.SZ,郑州银行,801780.SI,银行,801784.SI,城商行Ⅱ,857841.SI,城商行Ⅲ
002937.SZ,,,,,,,
002938.SZ,鹏鼎控股,801080.SI,电子,801083.SI,元件,850822.SI,印制电路板
002939.SZ,长城证券,801790.SI,非银金融,801193.SI,证券Ⅱ,851931.SI,证券Ⅲ
002940.SZ,昂利康,801150.SI,医药生物,801151.SI,化学制药,851512.SI,化学制剂
002941.SZ,新疆交建,801720.SI,建筑装饰,801723.SI,基础建设,857236.SI,基建市政工程
002942.SZ,新农股份,801030.SI,基础化工,801038.SI,农化制品,850333.SI,农药
002943.SZ,宇晶股份,801890.SI,机械设备,801072.SI,通用设备,850711.SI,机床工具
002945.SZ,华林证券,801790.SI,非银金融,801193.SI,证券Ⅱ,851931.SI,证券Ⅲ
002946.SZ,新乳业,801120.SI,食品饮料,801127.SI,饮料乳品,851243.SI,乳品
002947.SZ,恒铭达,801080.SI,电子,801085.SI,消费电子,850854.SI,消费电子零部件及组装
002948.SZ,青岛银行,801780.SI,银行,801784.SI,城商行Ⅱ,857841.SI,城商行Ⅲ
002949.SZ,,,,,,,
002950.SZ,奥美医疗,801150.SI,医药生物,801153.SI,医疗器械,851533.SI,医疗耗材
002951.SZ,,,,,,,
002952.SZ,亚世光电,801080.SI,电子,801084.SI,光学光电子,850831.SI,面板
002953.SZ,日丰股份,801730.SI,电力设备,801738.SI,电网设备,857344.SI,线缆部件及其他
002955.SZ,鸿合科技,801080.SI,电子,801084.SI,光学光电子,850831.SI,面板
002956.SZ,,,,,,,
002957.SZ,,,,,,,
002958.SZ,青农商行,801780.SI,银行,801785.SI,农商行Ⅱ,857851.SI,农商行Ⅲ
002959.SZ,小熊电器,801110.SI,家用电器,801113.SI,小家电,851131.SI,厨房小家电
002960.SZ,青鸟消防,801890.SI,机械设备,801074.SI,专用设备,850728.SI,楼宇设备
002961.SZ,瑞达期货,801790.SI,非银金融,801191.SI,多元金融,851923.SI,期货
002962.SZ,五方光电,801080.SI,电子,801084.SI,光学光电子,850833.SI,光学元件
002963.SZ,豪尔赛,801720.SI,建筑装饰,801722.SI,装修装饰Ⅱ,857221.SI,装修装饰Ⅲ
002965.SZ,祥鑫科技,801880.SI,汽车,801093.SI,汽车零部件,850925.SI,其他汽车零部件
002966.SZ,苏州银行,801780.SI,银行,801784.SI,城商行Ⅱ,857841.SI,城商行Ⅲ
002967.SZ,,,,,,,
002968.SZ,,,,,,,
002969.SZ,嘉美包装,801140.SI,轻工制造,801141.SI,包装印刷,851423.SI,金属包装
002970.SZ,锐明技术,801750.SI,计算机,801101.SI,计算机设备,850703.SI,其他计算机设备
002971.SZ,和远气体,801030.SI,基础化工,801034.SI,化学制品,850339.SI,其他化学制品
002972.SZ,科安达,801890.SI,机械设备,801076.SI,轨交设备Ⅱ,850936.SI,轨交设备Ⅲ
002973.SZ,侨银股份,801970.SI,环保,801971.SI,环境治理,859713.SI,固废治理
002975.SZ,,,,,,,
002976.SZ,,,,,,,
002978.SZ,,,,,,,
002979.SZ,,,,,,,
002980.SZ,,,,,,,
002981.SZ,,,,,,,
002982.SZ,湘佳股份,801010.SI,农林牧渔,801017.SI,养殖业,850173.SI,肉鸡养殖
002983.SZ,,,,,,,
002984.SZ,,,,,,,
002985.SZ,,,,,,,
002986.SZ,,,,,,,
002987.SZ,,,,,,,
002988.SZ,,,,,,,
002989.SZ,,,,,,,
002990.SZ,,,,,,,
002991.SZ,,,,,,,
002992.SZ,,,,,,,
002993.SZ,,,,,,,
002995.SZ,,,,,,,
002996.SZ,顺博合金,801050.SI,有色金属,801055.SI,工业金属,850551.SI,铝
002997.SZ,,,,,,,
002998.SZ,,,,,,,
002999.SZ,天禾股份,801030.SI,基础化工,801038.SI,农化制品,850381.SI,复合肥
003000.SZ,,,,,,,
003001.SZ,,,,,,,
003002.SZ,,,,,,,
003003.SZ,,,,,,,
003005.SZ,,,,,,,
003006.SZ,,,,,,,
003007.SZ,直真科技,801750.SI,计算机,801104.SI,软件开发,851041.SI,垂直应用软件
003008.SZ,,,,,,,
003009.SZ,,,,,,,
003010.SZ,若羽臣,801200.SI,商贸零售,801206.SI,互联网电商,852063.SI,电商服务
003011.SZ,海象新材,801140.SI,轻工制造,801142.SI,家居用品,851436.SI,瓷砖地板
003012.SZ,,,,,,,
003013.SZ,,,,,,,
003015.SZ,,,,,,,
003016.SZ,,,,,,,
003017.SZ,,,,,,,
003018.SZ,金富科技,801140.SI,轻工制造,801141.SI,包装印刷,851424.SI,塑料包装
003019.SZ,,,,,,,
003020.SZ,立方制药,801150.SI,医药生物,801151.SI,化学制药,851512.SI,化学制剂
003021.SZ,,,,,,,
003022.SZ,,,,,,,
003023.SZ,,,,,,,
003025.SZ,思进智能,801890.SI,机械设备,801072.SI,通用设备,850711.SI,机床工具
003026.SZ,,,,,,,
003027.SZ,,,,,,,
003028.SZ,,,,,,,
003029.SZ,,,,,,,
003030.SZ,,,,,,,
003031.SZ,中瓷电子,801770.SI,通信,801102.SI,通信设备,851026.SI,通信终端及配件
003033.SZ,,,,,,,
003035.SZ,,,,,,,
003036.SZ,泰坦股份,801890.SI,机械设备,801074.SI,专用设备,850721.SI,纺织服装设备
003037.SZ,,,,,,,
003038.SZ,,,,,,,
003039.SZ,,,,,,,
003040.SZ,,,,,,,
003041.SZ,,,,,,,
003042.SZ,,,,,,,
003043.SZ,,,,,,,
003816.SZ,中国广核,801160.SI,公用事业,801161.SI,电力,851618.SI,核力发电
600000.SH,浦发银行,801780.SI,银行,801783.SI,股份制银行Ⅱ,857831.SI,股份制银行Ⅲ
600004.SH,白云机场,801170.SI,交通运输,801991.SI,航空机场,851751.SI,机场
600006.SH,东风股份,801880.SI,汽车,801096.SI,商用车,850912.SI,商用载货车
600007.SH,,,,,,,
600008.SH,首创环保,801970.SI,环保,801971.SI,环境治理,859712.SI,水务及水治理
600009.SH,上海机场,801170.SI,交通运输,801991.SI,航空机场,851751.SI,机场
600010.SH,包钢股份,801040.SI,钢铁,801044.SI,普钢,850442.SI,板材
600011.SH,华能国际,801160.SI,公用事业,801161.SI,电力,851611.SI,火力发电
600012.SH,皖通高速,801170.SI,交通运输,801179.SI,铁路公路,851731.SI,高速公路
600015.SH,华夏银行,801780.SI,银行,801783.SI,股份制银行Ⅱ,857831.SI,股份制银行Ⅲ
600016.SH,民生银行,801780.SI,银行,801783.SI,股份制银行Ⅱ,857831.SI,股份制银行Ⅲ
600017.SH,日照港,801170.SI,交通运输,801992.SI,航运港口,851711.SI,港口
600018.SH,上港集团,801170.SI,交通运输,801992.SI,航运港口,851711.SI,港口
600019.SH,宝钢股份,801040.SI,钢铁,801044.SI,普钢,850442.SI,板材
600020.SH,中原高速,801170.SI,交通运输,801179.SI,铁路公路,851731.SI,高速公路
600021.SH,上海电力,801160.SI,公用事业,801161.SI,电力,851611.SI,火力发电
600022.SH,山东钢铁,801040.SI,钢铁,801044.SI,普钢,850442.SI,板材
600023.SH,,,,,,,
600025.SH,华能水电,801160.SI,公用事业,801161.SI,电力,851612.SI,水力发电
600026.SH,中远海能,801170.SI,交通运输,801992.SI,航运港口,851761.SI,航运
600027.SH,华电国际,801160.SI,公用事业,801161.SI,电力,851611.SI,火力发电
600028.SH,中国石化,801960.SI,石油石化,801963.SI,炼化及贸易,859631.SI,炼油化工
600029.SH,,,,,,,
600030.SH,中信证券,801790.SI,非银金融,801193.SI,证券Ⅱ,851931.SI,证券Ⅲ
600031.SH,三一重工,801890.SI,机械设备,801077.SI,工程机械,850771.SI,工程机械整机
600032.SH,,,,,,,
600033.SH,福建高速,801170.SI,交通运输,801179.SI,铁路公路,851731.SI,高速公路
600035.SH,楚天高速,801170.SI,交通运输,801179.SI,铁路公路,851731.SI,高速公路
600036.SH,招商银行,801780.SI,银行,801783.SI,股份制银行Ⅱ,857831.SI,股份制银行Ⅲ
600037.SH,歌华有线,801760.SI,传媒,801995.SI,电视广播Ⅱ,859951.SI,电视广播Ⅲ
600038.SH,中直股份,801740.SI,国防军工,801742.SI,航空装备Ⅱ,857421.SI,航空装备Ⅲ
600039.SH,四川路桥,801720.SI,建筑装饰,801723.SI,基础建设,857236.SI,基建市政工程
600048.SH,保利发展,801180.SI,房地产,801181.SI,房地产开发,851811.SI,住宅开发
600050.SH,,,,,,,
600051.SH,宁波联合,801230.SI,综合,801231.SI,综合Ⅱ,852311.SI,综合Ⅲ
600052.SH,,,,,,,
600054.SH,黄山旅游,801210.SI,社会服务,801993.SI,旅游及景区,852112.SI,自然景区
600055.SH,万东医疗,801150.SI,医药生物,801153.SI,医疗器械,851532.SI,医疗设备
600056.SH,,,,,,,
600057.SH,,,,,,,
600058.SH,五矿发展,801200.SI,商贸零售,801202.SI,贸易Ⅱ,852021.SI,贸易Ⅲ
600059.SH,,,,,,,
600060.SH,海信视像,801110.SI,家用电器,801112.SI,黑色家电,851121.SI,彩电
600061.SH,,,,,,,
600062.SH,华润双鹤,801150.SI,医药生物,801151.SI,化学制药,851512.SI,化学制剂
600063.SH,皖维高新,801030.SI,基础化工,801032.SI,化学纤维,850344.SI,其他化学纤维
600064.SH,南京高科,801180.SI,房地产,801181.SI,房地产开发,851811.SI,住宅开发
600066.SH,宇通客车,801880.SI,汽车,801096.SI,商用车,850913.SI,商用载客车
600067.SH,,,,,,,
600071.SH,,,,,,,
600072.SH,,,,,,,
600073.SH,光明肉业,801120.SI,食品饮料,801124.SI,食品加工,851241.SI,肉制品
600075.SH,新疆天业,801030.SI,基础化工,801033.SI,化学原料,850322.SI,氯碱
600076.SH,,,,,,,
600078.SH,,,,,,,
600081.SH,东风科技,801880.SI,汽车,801093.SI,汽车零部件,850922.SI,车身附件及饰件
600085.SH,同仁堂,801150.SI,医药生物,801155.SI,中药Ⅱ,851521.SI,中药Ⅲ
600088.SH,中视传媒,801760.SI,传媒,801766.SI,影视院线,857661.SI,影视动漫制作
600089.SH,特变电工,801730.SI,电力设备,801738.SI,电网设备,857381.SI,输变电设备
600094.SH,大名城,801180.SI,房地产,801181.SI,房地产开发,851811.SI,住宅开发
600095.SH,,,,,,,
600096.SH,云天化,801030.SI,基础化工,801038.SI,农化制品,850332.SI,磷肥及磷化工
600097.SH,开创国际,801010.SI,农林牧渔,801015.SI,渔业,850121.SI,海洋捕捞
600098.SH,广州发展,801160.SI,公用事业,801161.SI,电力,851611.SI,火力发电
600099.SH,林海股份,801880.SI,汽车,801881.SI,摩托车及其他,858811.SI,其他运输设备
600100.SH,同方股份,801750.SI,计算机,801101.SI,计算机设备,850703.SI,其他计算机设备
600101.SH,,,,,,,
600103.SH,青山纸业,801140.SI,轻工制造,801143.SI,造纸,851413.SI,特种纸
600104.SH,上汽集团,801880.SI,汽车,801095.SI,乘用车,850952.SI,综合乘用车
600105.SH,永鼎股份,801770.SI,通信,801102.SI,通信设备,851025.SI,通信线缆及配套
600106.SH,重庆路桥,801170.SI,交通运输,801179.SI,铁路公路,851731.SI,高速公路
600108.SH,亚盛集团,801010.SI,农林牧渔,801016.SI,种植业,850113.SI,其他种植业
600109.SH,国金证券,801790.SI,非银金融,801193.SI,证券Ⅱ,851931.SI,证券Ⅲ
600110.SH,,,,,,,
600111.SH,,,,,,,
600113.SH,,,,,,,
600114.SH,,,,,,,
600115.SH,,,,,,,
600116.SH,,,,,,,
600117.SH,西宁特钢,801040.SI,钢铁,801045.SI,特钢Ⅱ,850412.SI,特钢Ⅲ
600118.SH,,,,,,,
600120.SH,,,,,,,
600121.SH,郑州煤电,801950.SI,煤炭,801951.SI,煤炭开采,859511.SI,动力煤
600123.SH,兰花科创,801950.SI,煤炭,801951.SI,煤炭开采,859512.SI,焦煤
600125.SH,铁龙物流,801170.SI,交通运输,801179.SI,铁路公路,851771.SI,铁路运输
600126.SH,杭钢股份,801040.SI,钢铁,801044.SI,普钢,850442.SI,板材
600127.SH,金健米业,801010.SI,农林牧渔,801012.SI,农产品加工,850152.SI,粮油加工
600128.SH,,,,,,,
600129.SH,太极集团,801150.SI,医药生物,801155.SI,中药Ⅱ,851521.SI,中药Ⅲ
600130.SH,*ST波导,801080.SI,电子,801085.SI,消费电子,850854.SI,消费电子零部件及组装
600131.SH,,,,,,,
600132.SH,重庆啤酒,801120.SI,食品饮料,801126.SI,非白酒,851232.SI,啤酒
600133.SH,,,,,,,
600135.SH,乐凯胶片,801030.SI,基础化工,801036.SI,塑料,850355.SI,膜材料
600137.SH,,,,,,,
600138.SH,,,,,,,
600141.SH,,,,,,,
600143.SH,金发科技,801030.SI,基础化工,801036.SI,塑料,850353.SI,改性塑料
600148.SH,长春一东,801880.SI,汽车,801093.SI,汽车零部件,850923.SI,底盘与发动机系统
600149.SH,,,,,,,
600150.SH,中国船舶,801740.SI,国防军工,801744.SI,航海装备Ⅱ,850935.SI,航海装备Ⅲ
600151.SH,,,,,,,
600152.SH,,,,,,,
600153.SH,,,,,,,
600155.SH,华创云信,801790.SI,非银金融,801193.SI,证券Ⅱ,851931.SI,证券Ⅲ
600156.SH,华升股份,801130.SI,纺织服饰,801131.SI,纺织制造,851316.SI,其他纺织
600157.SH,,,,,,,
600158.SH,,,,,,,
600159.SH,大龙地产,801180.SI,房地产,801181.SI,房地产开发,851811.SI,住宅开发
600160.SH,巨化股份,801030.SI,基础化工,801034.SI,化学制品,850382.SI,氟化工
600161.SH,天坛生物,801150.SI,医药生物,801152.SI,生物制品,851522.SI,血液制品
600162.SH,香江控股,801180.SI,房地产,801181.SI,房地产开发,851811.SI,住宅开发
600163.SH,中闽能源,801160.SI,公用事业,801161.SI,电力,851617.SI,风力发电
600166.SH,福田汽车,801880.SI,汽车,801096.SI,商用车,850912.SI,商用载货车
600167.SH,联美控股,801160.SI,公用事业,801161.SI,电力,851614.SI,热力服务
600168.SH,武汉控股,801970.SI,环保,801971.SI,环境治理,859712.SI,水务及水治理
600170.SH,上海建工,801720.SI,建筑装饰,801721.SI,房屋建设Ⅱ,850623.SI,房屋建设Ⅲ
600171.SH,上海贝岭,801080.SI,电子,801081.SI,半导体,850815.SI,模拟芯片设计
600172.SH,黄河旋风,801890.SI,机械设备,801072.SI,通用设备,850713.SI,磨具磨料
600173.SH,卧龙新能,801180.SI,房地产,801181.SI,房地产开发,851811.SI,住宅开发
600176.SH,,,,,,,
600177.SH,,,,,,,
600178.SH,东安动力,801880.SI,汽车,801093.SI,汽车零部件,850923.SI,底盘与发动机系统
600179.SH,,,,,,,
600182.SH,,,,,,,
600183.SH,生益科技,801080.SI,电子,801083.SI,元件,850822.SI,印制电路板
600184.SH,光电股份,801740.SI,国防军工,801743.SI,地面兵装Ⅱ,857431.SI,地面兵装Ⅲ
600185.SH,珠免集团,801180.SI,房地产,801181.SI,房地产开发,851811.SI,住宅开发
600186.SH,莲花控股,801120.SI,食品饮料,801129.SI,调味发酵品Ⅱ,851242.SI,调味发酵品Ⅲ
600188.SH,兖矿能源,801950.SI,煤炭,801951.SI,煤炭开采,859511.SI,动力煤
600189.SH,,,,,,,
600191.SH,华资实业,801010.SI,农林牧渔,801012.SI,农产品加工,850154.SI,其他农产品加工
600192.SH,长城电工,801730.SI,电力设备,801738.SI,电网设备,857381.SI,输变电设备
600195.SH,中牧股份,801010.SI,农林牧渔,801018.SI,动物保健Ⅱ,850181.SI,动物保健Ⅲ
600196.SH,复星医药,801150.SI,医药生物,801151.SI,化学制药,851512.SI,化学制剂
600197.SH,伊力特,801120.SI,食品饮料,801125.SI,白酒Ⅱ,851251.SI,白酒Ⅲ
600198.SH,大唐电信,801770.SI,通信,801102.SI,通信设备,851026.SI,通信终端及配件
600199.SH,金种子酒,801120.SI,食品饮料,801125.SI,白酒Ⅱ,851251.SI,白酒Ⅲ
600201.SH,生物股份,801010.SI,农林牧渔,801018.SI,动物保健Ⅱ,850181.SI,动物保健Ⅲ
600202.SH,,,,,,,
600203.SH,,,,,,,
600206.SH,,,,,,,
600207.SH,,,,,,,
600208.SH,衢州发展,801180.SI,房地产,801181.SI,房地产开发,851811.SI,住宅开发
600210.SH,紫江企业,801140.SI,轻工制造,801141.SI,包装印刷,851424.SI,塑料包装
600211.SH,,,,,,,
600212.SH,,,,,,,
600215.SH,,,,,,,
600216.SH,浙江医药,801150.SI,医药生物,801151.SI,化学制药,851511.SI,原料药
600217.SH,,,,,,,
600218.SH,全柴动力,801880.SI,汽车,801093.SI,汽车零部件,850923.SI,底盘与发动机系统
600219.SH,南山铝业,801050.SI,有色金属,801055.SI,工业金属,850551.SI,铝
600221.SH,,,,,,,
600222.SH,太龙药业,801150.SI,医药生物,801155.SI,中药Ⅱ,851521.SI,中药Ⅲ
600223.SH,,,,,,,
600226.SH,,,,,,,
600227.SH,,,,,,,
600229.SH,,,,,,,
600230.SH,,,,,,,
600231.SH,凌钢股份,801040.SI,钢铁,801044.SI,普钢,850441.SI,长材
600232.SH,金鹰股份,801890.SI,机械设备,801074.SI,专用设备,850721.SI,纺织服装设备
600233.SH,圆通速递,801170.SI,交通运输,801178.SI,物流,851784.SI,快递
600234.SH,,,,,,,
600235.SH,民丰特纸,801140.SI,轻工制造,801143.SI,造纸,851413.SI,特种纸
600236.SH,桂冠电力,801160.SI,公用事业,801161.SI,电力,851612.SI,水力发电
600237.SH,铜峰电子,801080.SI,电子,801083.SI,元件,850823.SI,被动元件
600241.SH,,,,,,,
600246.SH,,,,,,,
600248.SH,,,,,,,
600249.SH,两面针,801980.SI,美容护理,801981.SI,个护用品,859812.SI,洗护用品
600250.SH,南京商旅,801200.SI,商贸零售,801202.SI,贸易Ⅱ,852021.SI,贸易Ⅲ
600251.SH,,,,,,,
600252.SH,中恒集团,801150.SI,医药生物,801155.SI,中药Ⅱ,851521.SI,中药Ⅲ
600255.SH,,,,,,,
600256.SH,广汇能源,801960.SI,石油石化,801963.SI,炼化及贸易,859632.SI,油品石化贸易
600257.SH,大湖股份,801010.SI,农林牧渔,801015.SI,渔业,850122.SI,水产养殖
600258.SH,首旅酒店,801210.SI,社会服务,801219.SI,酒店餐饮,852121.SI,酒店
600259.SH,,,,,,,
600261.SH,,,,,,,
600262.SH,北方股份,801890.SI,机械设备,801074.SI,专用设备,850725.SI,能源及重型设备
600266.SH,城建发展,801180.SI,房地产,801181.SI,房地产开发,851811.SI,住宅开发
600267.SH,,,,,,,
600268.SH,国电南自,801730.SI,电力设备,801738.SI,电网设备,857321.SI,电网自动化设备
600269.SH,赣粤高速,801170.SI,交通运输,801179.SI,铁路公路,851731.SI,高速公路
600271.SH,航天信息,801750.SI,计算机,801103.SI,IT服务Ⅱ,852226.SI,IT服务Ⅲ
600272.SH,开开实业,801150.SI,医药生物,801154.SI,医药商业,851542.SI,医药流通
600273.SH,嘉化能源,801030.SI,基础化工,801034.SI,化学制品,850339.SI,其他化学制品
600276.SH,恒瑞医药,801150.SI,医药生物,801151.SI,化学制药,851512.SI,化学制剂
600278.SH,东方创业,801200.SI,商贸零售,801202.SI,贸易Ⅱ,852021.SI,贸易Ⅲ
600279.SH,重庆港,801170.SI,交通运输,801992.SI,航运港口,851711.SI,港口
600280.SH,中央商场,801200.SI,商贸零售,801203.SI,一般零售,852031.SI,百货
600281.SH,,,,,,,
600282.SH,南钢股份,801040.SI,钢铁,801044.SI,普钢,850442.SI,板材
600283.SH,钱江水利,801970.SI,环保,801971.SI,环境治理,859712.SI,水务及水治理
600284.SH,浦东建设,801720.SI,建筑装饰,801723.SI,基础建设,857236.SI,基建市政工程
600285.SH,羚锐制药,801150.SI,医药生物,801155.SI,中药Ⅱ,851521.SI,中药Ⅲ
600287.SH,苏豪时尚,801200.SI,商贸零售,801202.SI,贸易Ⅱ,852021.SI,贸易Ⅲ
600288.SH,,,,,,,
600292.SH,,,,,,,
600293.SH,,,,,,,
600295.SH,鄂尔多斯,801040.SI,钢铁,801043.SI,冶钢原料,850432.SI,冶钢辅料
600298.SH,,,,,,,
600299.SH,,,,,,,
600300.SH,维维股份,801120.SI,食品饮料,801127.SI,饮料乳品,851271.SI,软饮料
600301.SH,,,,,,,
600303.SH,曙光股份,801880.SI,汽车,801096.SI,商用车,850913.SI,商用载客车
600305.SH,恒顺醋业,801120.SI,食品饮料,801129.SI,调味发酵品Ⅱ,851242.SI,调味发酵品Ⅲ
600307.SH,酒钢宏兴,801040.SI,钢铁,801044.SI,普钢,850442.SI,板材
600308.SH,华泰股份,801140.SI,轻工制造,801143.SI,造纸,851412.SI,大宗用纸
600309.SH,万华化学,801030.SI,基础化工,801034.SI,化学制品,850372.SI,聚氨酯
600310.SH,,,,,,,
600312.SH,平高电气,801730.SI,电力设备,801738.SI,电网设备,857381.SI,输变电设备
600313.SH,,,,,,,
600315.SH,上海家化,801980.SI,美容护理,801982.SI,化妆品,859822.SI,品牌化妆品
600316.SH,洪都航空,801740.SI,国防军工,801742.SI,航空装备Ⅱ,857421.SI,航空装备Ⅲ
600318.SH,,,,,,,
600319.SH,亚星化学,801030.SI,基础化工,801033.SI,化学原料,850322.SI,氯碱
600320.SH,振华重工,801890.SI,机械设备,801074.SI,专用设备,850725.SI,能源及重型设备
600322.SH,津投城开,801180.SI,房地产,801181.SI,房地产开发,851811.SI,住宅开发
600323.SH,瀚蓝环境,801970.SI,环保,801971.SI,环境治理,859713.SI,固废治理
600325.SH,华发股份,801180.SI,房地产,801181.SI,房地产开发,851811.SI,住宅开发
600326.SH,,,,,,,
600327.SH,,,,,,,
600328.SH,中盐化工,801030.SI,基础化工,801033.SI,化学原料,850323.SI,无机盐
600329.SH,达仁堂,801150.SI,医药生物,801155.SI,中药Ⅱ,851521.SI,中药Ⅲ
600330.SH,,,,,,,
600331.SH,,,,,,,
600332.SH,白云山,801150.SI,医药生物,801155.SI,中药Ⅱ,851521.SI,中药Ⅲ
600333.SH,长春燃气,801160.SI,公用事业,801163.SI,燃气Ⅱ,851631.SI,燃气Ⅲ
600335.SH,国机汽车,801880.SI,汽车,801092.SI,汽车服务,850232.SI,汽车经销商
600336.SH,澳柯玛,801110.SI,家用电器,801111.SI,白色家电,851116.SI,冰洗
600338.SH,西藏珠峰,801050.SI,有色金属,801055.SI,工业金属,850553.SI,铅锌
600339.SH,,,,,,,
600343.SH,,,,,,,
600345.SH,长江通信,801770.SI,通信,801102.SI,通信设备,851027.SI,其他通信设备
600346.SH,,,,,,,
600348.SH,华阳股份,801950.SI,煤炭,801951.SI,煤炭开采,859512.SI,焦煤
600350.SH,山东高速,801170.SI,交通运输,801179.SI,铁路公路,851731.SI,高速公路
600351.SH,亚宝药业,801150.SI,医药生物,801155.SI,中药Ⅱ,851521.SI,中药Ⅲ
600352.SH,浙江龙盛,801030.SI,基础化工,801034.SI,化学制品,850338.SI,纺织化学制品
600353.SH,,,,,,,
600354.SH,敦煌种业,801010.SI,农林牧渔,801016.SI,种植业,850111.SI,种子
600355.SH,*ST精伦,801770.SI,通信,801102.SI,通信设备,851026.SI,通信终端及配件
600356.SH,恒丰纸业,801140.SI,轻工制造,801143.SI,造纸,851413.SI,特种纸
600358.SH,,,,,,,
600359.SH,新农开发,801010.SI,农林牧渔,801016.SI,种植业,850113.SI,其他种植业
600361.SH,,,,,,,
600362.SH,江西铜业,801050.SI,有色金属,801055.SI,工业金属,850552.SI,铜
600363.SH,联创光电,801080.SI,电子,801085.SI,消费电子,850854.SI,消费电子零部件及组装
600366.SH,,,,,,,
600367.SH,红星发展,801030.SI,基础化工,801033.SI,化学原料,850323.SI,无机盐
600368.SH,五洲交通,801170.SI,交通运输,801179.SI,铁路公路,851731.SI,高速公路
600369.SH,,,,,,,
600371.SH,万向德农,801010.SI,农林牧渔,801016.SI,种植业,850111.SI,种子
600372.SH,中航机载,801740.SI,国防军工,801742.SI,航空装备Ⅱ,857421.SI,航空装备Ⅲ
600373.SH,中文传媒,801760.SI,传媒,801769.SI,出版,857692.SI,大众出版
600375.SH,,,,,,,
600376.SH,首开股份,801180.SI,房地产,801181.SI,房地产开发,851811.SI,住宅开发
600377.SH,宁沪高速,801170.SI,交通运输,801179.SI,铁路公路,851731.SI,高速公路
600378.SH,,,,,,,
600379.SH,,,,,,,
600380.SH,健康元,801150.SI,医药生物,801151.SI,化学制药,851512.SI,化学制剂
600382.SH,,,,,,,
600383.SH,金地集团,801180.SI,房地产,801181.SI,房地产开发,851811.SI,住宅开发
600386.SH,北巴传媒,801880.SI,汽车,801092.SI,汽车服务,850232.SI,汽车经销商
600388.SH,,,,,,,
600389.SH,江山股份,801030.SI,基础化工,801038.SI,农化制品,850333.SI,农药
600390.SH,,,,,,,
600391.SH,航发科技,801740.SI,国防军工,801742.SI,航空装备Ⅱ,857421.SI,航空装备Ⅲ
600392.SH,盛和资源,801050.SI,有色金属,801054.SI,小金属,850541.SI,稀土
600395.SH,盘江股份,801950.SI,煤炭,801951.SI,煤炭开采,859512.SI,焦煤
600396.SH,华电辽能,801160.SI,公用事业,801161.SI,电力,851611.SI,火力发电
600397.SH,江钨装备,801950.SI,煤炭,801951.SI,煤炭开采,859511.SI,动力煤
600398.SH,海澜之家,801130.SI,纺织服饰,801132.SI,服装家纺,851329.SI,非运动服装
600399.SH,抚顺特钢,801040.SI,钢铁,801045.SI,特钢Ⅱ,850412.SI,特钢Ⅲ
600400.SH,红豆股份,801130.SI,纺织服饰,801132.SI,服装家纺,851329.SI,非运动服装
600403.SH,大有能源,801950.SI,煤炭,801951.SI,煤炭开采,859511.SI,动力煤
600405.SH,动力源,801730.SI,电力设备,801733.SI,其他电源设备Ⅱ,857336.SI,其他电源设备Ⅲ
600406.SH,国电南瑞,801730.SI,电力设备,801738.SI,电网设备,857321.SI,电网自动化设备
600408.SH,安泰集团,801950.SI,煤炭,801952.SI,焦炭Ⅱ,859521.SI,焦炭Ⅲ
600409.SH,,,,,,,
600410.SH,华胜天成,801750.SI,计算机,801103.SI,IT服务Ⅱ,852226.SI,IT服务Ⅲ
600415.SH,小商品城,801200.SI,商贸零售,801203.SI,一般零售,852034.SI,商业物业经营
600416.SH,,,,,,,
600418.SH,,,,,,,
600419.SH,天润乳业,801120.SI,食品饮料,801127.SI,饮料乳品,851243.SI,乳品
600420.SH,国药现代,801150.SI,医药生物,801151.SI,化学制药,851512.SI,化学制剂
600422.SH,昆药集团,801150.SI,医药生物,801155.SI,中药Ⅱ,851521.SI,中药Ⅲ
600425.SH,青松建化,801710.SI,建筑材料,801711.SI,水泥,857111.SI,水泥制造
600426.SH,华鲁恒升,801030.SI,基础化工,801038.SI,农化制品,850331.SI,氮肥
600428.SH,中远海特,801170.SI,交通运输,801992.SI,航运港口,851761.SI,航运
600429.SH,三元股份,801120.SI,食品饮料,801127.SI,饮料乳品,851243.SI,乳品
600433.SH,冠豪高新,801140.SI,轻工制造,801143.SI,造纸,851413.SI,特种纸
600435.SH,北方导航,801740.SI,国防军工,801743.SI,地面兵装Ⅱ,857431.SI,地面兵装Ⅲ
600436.SH,片仔癀,801150.SI,医药生物,801155.SI,中药Ⅱ,851521.SI,中药Ⅲ
600438.SH,通威股份,801730.SI,电力设备,801735.SI,光伏设备,857351.SI,硅料硅片
600439.SH,瑞贝卡,801130.SI,纺织服饰,801133.SI,饰品,851333.SI,其他饰品
600444.SH,国机通用,801890.SI,机械设备,801074.SI,专用设备,850727.SI,其他专用设备
600446.SH,金证股份,801750.SI,计算机,801103.SI,IT服务Ⅱ,852226.SI,IT服务Ⅲ
600448.SH,华纺股份,801130.SI,纺织服饰,801131.SI,纺织制造,851314.SI,印染
600449.SH,宁夏建材,801710.SI,建筑材料,801711.SI,水泥,857111.SI,水泥制造
600452.SH,,,,,,,
600455.SH,,,,,,,
600456.SH,宝钛股份,801050.SI,有色金属,801054.SI,小金属,850544.SI,其他小金属
600458.SH,,,,,,,
600459.SH,,,,,,,
600460.SH,,,,,,,
600461.SH,洪城环境,801970.SI,环保,801971.SI,环境治理,859712.SI,水务及水治理
600463.SH,,,,,,,
600467.SH,好当家,801010.SI,农林牧渔,801015.SI,渔业,850122.SI,水产养殖
600468.SH,百利电气,801730.SI,电力设备,801738.SI,电网设备,857382.SI,配电设备
600469.SH,风神股份,801880.SI,汽车,801093.SI,汽车零部件,850924.SI,轮胎轮毂
600470.SH,六国化工,801030.SI,基础化工,801038.SI,农化制品,850332.SI,磷肥及磷化工
600475.SH,,,,,,,
600477.SH,杭萧钢构,801720.SI,建筑装饰,801724.SI,专业工程,857241.SI,钢结构
600478.SH,,,,,,,
600479.SH,千金药业,801150.SI,医药生物,801155.SI,中药Ⅱ,851521.SI,中药Ⅲ
600480.SH,凌云股份,801880.SI,汽车,801093.SI,汽车零部件,850925.SI,其他汽车零部件
600481.SH,,,,,,,
600482.SH,,,,,,,
600483.SH,,,,,,,
600486.SH,扬农化工,801030.SI,基础化工,801038.SI,农化制品,850333.SI,农药
600487.SH,亨通光电,801770.SI,通信,801102.SI,通信设备,851025.SI,通信线缆及配套
600488.SH,,,,,,,
600489.SH,中金黄金,801050.SI,有色金属,801053.SI,贵金属,850531.SI,黄金
600490.SH,,,,,,,
600493.SH,凤竹纺织,801130.SI,纺织服饰,801131.SI,纺织制造,851312.SI,棉纺
600495.SH,晋西车轴,801890.SI,机械设备,801076.SI,轨交设备Ⅱ,850936.SI,轨交设备Ⅲ
600496.SH,精工钢构,801720.SI,建筑装饰,801724.SI,专业工程,857241.SI,钢结构
600497.SH,驰宏锌锗,801050.SI,有色金属,801055.SI,工业金属,850553.SI,铅锌
600498.SH,烽火通信,801770.SI,通信,801102.SI,通信设备,851024.SI,通信网络设备及器件
600499.SH,科达制造,801890.SI,机械设备,801074.SI,专用设备,850727.SI,其他专用设备
600500.SH,中化国际,801030.SI,基础化工,801034.SI,化学制品,850339.SI,其他化学制品
600501.SH,航天晨光,801890.SI,机械设备,801074.SI,专用设备,850727.SI,其他专用设备
600502.SH,安徽建工,801720.SI,建筑装饰,801723.SI,基础建设,857236.SI,基建市政工程
600503.SH,华丽家族,801180.SI,房地产,801181.SI,房地产开发,851811.SI,住宅开发
600505.SH,,,,,,,
600506.SH,,,,,,,
600507.SH,方大特钢,801040.SI,钢铁,801045.SI,特钢Ⅱ,850412.SI,特钢Ⅲ
600508.SH,上海能源,801950.SI,煤炭,801951.SI,煤炭开采,859512.SI,焦煤
600509.SH,,,,,,,
600510.SH,黑牡丹,801180.SI,房地产,801181.SI,房地产开发,851811.SI,住宅开发
600511.SH,,,,,,,
600512.SH,腾达建设,801720.SI,建筑装饰,801723.SI,基础建设,857236.SI,基建市政工程
600513.SH,联环药业,801150.SI,医药生物,801151.SI,化学制药,851512.SI,化学制剂
600515.SH,,,,,,,
600516.SH,,,,,,,
600517.SH,,,,,,,
600518.SH,康美药业,801150.SI,医药生物,801155.SI,中药Ⅱ,851521.SI,中药Ⅲ
600519.SH,贵州茅台,801120.SI,食品饮料,801125.SI,白酒Ⅱ,851251.SI,白酒Ⅲ
600520.SH,三佳科技,801890.SI,机械设备,801074.SI,专用设备,850727.SI,其他专用设备
600521.SH,华海药业,801150.SI,医药生物,801151.SI,化学制药,851512.SI,化学制剂
600522.SH,中天科技,801770.SI,通信,801102.SI,通信设备,851025.SI,通信线缆及配套
600523.SH,贵航股份,801880.SI,汽车,801093.SI,汽车零部件,850925.SI,其他汽车零部件
600526.SH,菲达环保,801970.SI,环保,801972.SI,环保设备Ⅱ,859721.SI,环保设备Ⅲ
600527.SH,,,,,,,
600528.SH,中铁工业,801890.SI,机械设备,801076.SI,轨交设备Ⅱ,850936.SI,轨交设备Ⅲ
600529.SH,山东药玻,801150.SI,医药生物,801153.SI,医疗器械,851533.SI,医疗耗材
600530.SH,交大昂立,801120.SI,食品饮料,801124.SI,食品加工,851247.SI,保健品
600531.SH,豫光金铅,801050.SI,有色金属,801055.SI,工业金属,850553.SI,铅锌
600533.SH,栖霞建设,801180.SI,房地产,801181.SI,房地产开发,851811.SI,住宅开发
600535.SH,天士力,801150.SI,医药生物,801155.SI,中药Ⅱ,851521.SI,中药Ⅲ
600536.SH,,,,,,,
600538.SH,,,,,,,
600539.SH,,,,,,,
600540.SH,新赛股份,801010.SI,农林牧渔,801016.SI,种植业,850113.SI,其他种植业
600545.SH,卓郎智能,801890.SI,机械设备,801074.SI,专用设备,850721.SI,纺织服装设备
600546.SH,山煤国际,801950.SI,煤炭,801951.SI,煤炭开采,859511.SI,动力煤
600547.SH,山东黄金,801050.SI,有色金属,801053.SI,贵金属,850531.SI,黄金
600548.SH,深高速,801170.SI,交通运输,801179.SI,铁路公路,851731.SI,高速公路
600549.SH,厦门钨业,801050.SI,有色金属,801054.SI,小金属,850542.SI,钨
600550.SH,保变电气,801730.SI,电力设备,801738.SI,电网设备,857381.SI,输变电设备
600551.SH,,,,,,,
600552.SH,凯盛科技,801080.SI,电子,801084.SI,光学光电子,850831.SI,面板
600556.SH,,,,,,,
600557.SH,康缘药业,801150.SI,医药生物,801155.SI,中药Ⅱ,851521.SI,中药Ⅲ
600558.SH,大西洋,801890.SI,机械设备,801072.SI,通用设备,850751.SI,金属制品
600559.SH,老白干酒,801120.SI,食品饮料,801125.SI,白酒Ⅱ,851251.SI,白酒Ⅲ
600560.SH,金自天正,801890.SI,机械设备,801074.SI,专用设备,850725.SI,能源及重型设备
600561.SH,江西长运,801170.SI,交通运输,801179.SI,铁路公路,851721.SI,公交
600562.SH,,,,,,,
600563.SH,法拉电子,801080.SI,电子,801083.SI,元件,850823.SI,被动元件
600566.SH,济川药业,801150.SI,医药生物,801155.SI,中药Ⅱ,851521.SI,中药Ⅲ
600567.SH,山鹰国际,801140.SI,轻工制造,801143.SI,造纸,851412.SI,大宗用纸
600569.SH,安阳钢铁,801040.SI,钢铁,801044.SI,普钢,850442.SI,板材
600570.SH,恒生电子,801750.SI,计算机,801104.SI,软件开发,851041.SI,垂直应用软件
600571.SH,信雅达,801750.SI,计算机,801103.SI,IT服务Ⅱ,852226.SI,IT服务Ⅲ
600572.SH,康恩贝,801150.SI,医药生物,801155.SI,中药Ⅱ,851521.SI,中药Ⅲ
600573.SH,惠泉啤酒,801120.SI,食品饮料,801126.SI,非白酒,851232.SI,啤酒
600575.SH,,,,,,,
600576.SH,,,,,,,
600577.SH,,,,,,,
600578.SH,京能电力,801160.SI,公用事业,801161.SI,电力,851611.SI,火力发电
600579.SH,中化装备,801890.SI,机械设备,801074.SI,专用设备,850727.SI,其他专用设备
600580.SH,卧龙电驱,801730.SI,电力设备,801731.SI,电机Ⅱ,850741.SI,电机Ⅲ
600582.SH,,,,,,,
600583.SH,海油工程,801960.SI,石油石化,801962.SI,油服工程,859622.SI,油气及炼化工程
600584.SH,,,,,,,
600585.SH,海螺水泥,801710.SI,建筑材料,801711.SI,水泥,857111.SI,水泥制造
600586.SH,金晶科技,801710.SI,建筑材料,801712.SI,玻璃玻纤,857121.SI,玻璃制造
600587.SH,新华医疗,801150.SI,医药生物,801153.SI,医疗器械,851532.SI,医疗设备
600588.SH,用友网络,801750.SI,计算机,801104.SI,软件开发,851042.SI,横向通用软件
600589.SH,,,,,,,
600590.SH,,,,,,,
600592.SH,龙溪股份,801890.SI,机械设备,801072.SI,通用设备,850751.SI,金属制品
600593.SH,大连圣亚,801210.SI,社会服务,801993.SI,旅游及景区,852111.SI,人工景区
600594.SH,益佰制药,801150.SI,医药生物,801155.SI,中药Ⅱ,851521.SI,中药Ⅲ
600595.SH,中孚实业,801050.SI,有色金属,801055.SI,工业金属,850551.SI,铝
600596.SH,,,,,,,
600597.SH,光明乳业,801120.SI,食品饮料,801127.SI,饮料乳品,851243.SI,乳品
600598.SH,北大荒,801010.SI,农林牧渔,801016.SI,种植业,850112.SI,粮食种植
600600.SH,青岛啤酒,801120.SI,食品饮料,801126.SI,非白酒,851232.SI,啤酒
600601.SH,方正科技,801080.SI,电子,801083.SI,元件,850822.SI,印制电路板
600602.SH,,,,,,,
600603.SH,,,,,,,
600604.SH,市北高新,801180.SI,房地产,801181.SI,房地产开发,851813.SI,产业地产
600605.SH,,,,,,,
600606.SH,绿地控股,801180.SI,房地产,801181.SI,房地产开发,851811.SI,住宅开发
600609.SH,金杯汽车,801880.SI,汽车,801093.SI,汽车零部件,850922.SI,车身附件及饰件
600610.SH,,,,,,,
600611.SH,大众交通,801170.SI,交通运输,801179.SI,铁路公路,851721.SI,公交
600612.SH,老凤祥,801130.SI,纺织服饰,801133.SI,饰品,851331.SI,钟表珠宝
600613.SH,神奇制药,801150.SI,医药生物,801151.SI,化学制药,851512.SI,化学制剂
600615.SH,,,,,,,
600616.SH,,,,,,,
600617.SH,,,,,,,
600618.SH,氯碱化工,801030.SI,基础化工,801033.SI,化学原料,850322.SI,氯碱
600619.SH,海立股份,801110.SI,家用电器,801116.SI,家电零部件Ⅱ,851161.SI,家电零部件Ⅲ
600620.SH,天宸股份,801230.SI,综合,801231.SI,综合Ⅱ,852311.SI,综合Ⅲ
600621.SH,华鑫股份,801790.SI,非银金融,801193.SI,证券Ⅱ,851931.SI,证券Ⅲ
600622.SH,,,,,,,
600623.SH,,,,,,,
600626.SH,,,,,,,
600628.SH,新世界,801200.SI,商贸零售,801203.SI,一般零售,852031.SI,百货
600629.SH,,,,,,,
600630.SH,龙头股份,801130.SI,纺织服饰,801132.SI,服装家纺,851329.SI,非运动服装
600633.SH,浙数文化,801760.SI,传媒,801764.SI,游戏Ⅱ,857641.SI,游戏Ⅲ
600635.SH,,,,,,,
600637.SH,,,,,,,
600638.SH,新黄浦,801180.SI,房地产,801181.SI,房地产开发,851811.SI,住宅开发
600639.SH,浦东金桥,801180.SI,房地产,801181.SI,房地产开发,851813.SI,产业地产
600640.SH,,,,,,,
600641.SH,先导基电,801180.SI,房地产,801181.SI,房地产开发,851811.SI,住宅开发
600642.SH,申能股份,801160.SI,公用事业,801161.SI,电力,851611.SI,火力发电
600643.SH,爱建集团,801790.SI,非银金融,801191.SI,多元金融,851922.SI,金融控股
600644.SH,,,,,,,
600645.SH,,,,,,,
600648.SH,外高桥,801180.SI,房地产,801181.SI,房地产开发,851813.SI,产业地产
600649.SH,城投控股,801180.SI,房地产,801181.SI,房地产开发,851811.SI,住宅开发
600650.SH,,,,,,,
600651.SH,,,,,,,
600653.SH,申华控股,801880.SI,汽车,801092.SI,汽车服务,850232.SI,汽车经销商
600654.SH,,,,,,,
600655.SH,,,,,,,
600657.SH,信达地产,801180.SI,房地产,801181.SI,房地产开发,851811.SI,住宅开发
600658.SH,电子城,801180.SI,房地产,801181.SI,房地产开发,851813.SI,产业地产
600660.SH,福耀玻璃,801880.SI,汽车,801093.SI,汽车零部件,850922.SI,车身附件及饰件
600661.SH,,,,,,,
600662.SH,,,,,,,
600663.SH,陆家嘴,801180.SI,房地产,801181.SI,房地产开发,851812.SI,商业地产
600664.SH,哈药股份,801150.SI,医药生物,801151.SI,化学制药,851512.SI,化学制剂
600665.SH,天地源,801180.SI,房地产,801181.SI,房地产开发,851811.SI,住宅开发
600666.SH,奥瑞德,801080.SI,电子,801084.SI,光学光电子,850831.SI,面板
600667.SH,,,,,,,
600668.SH,,,,,,,
600671.SH,天目药业,801150.SI,医药生物,801155.SI,中药Ⅱ,851521.SI,中药Ⅲ
600673.SH,,,,,,,
600674.SH,川投能源,801160.SI,公用事业,801161.SI,电力,851612.SI,水力发电
600675.SH,中华企业,801180.SI,房地产,801181.SI,房地产开发,851811.SI,住宅开发
600676.SH,,,,,,,
600679.SH,上海凤凰,801880.SI,汽车,801881.SI,摩托车及其他,858811.SI,其他运输设备
600681.SH,百川能源,801160.SI,公用事业,801163.SI,燃气Ⅱ,851631.SI,燃气Ⅲ
600682.SH,,,,,,,
600683.SH,京投发展,801180.SI,房地产,801181.SI,房地产开发,851811.SI,住宅开发
600684.SH,,,,,,,
600685.SH,中船防务,801740.SI,国防军工,801744.SI,航海装备Ⅱ,850935.SI,航海装备Ⅲ
600686.SH,金龙汽车,801880.SI,汽车,801096.SI,商用车,850913.SI,商用载客车
600688.SH,上海石化,801960.SI,石油石化,801963.SI,炼化及贸易,859631.SI,炼油化工
600689.SH,,,,,,,
600690.SH,,,,,,,
600691.SH,,,,,,,
600692.SH,亚通股份,801180.SI,房地产,801181.SI,房地产开发,851811.SI,住宅开发
600693.SH,东百集团,801200.SI,商贸零售,801203.SI,一般零售,852031.SI,百货
600694.SH,大商股份,801200.SI,商贸零售,801203.SI,一般零售,852033.SI,多业态零售
600697.SH,欧亚集团,801200.SI,商贸零售,801203.SI,一般零售,852033.SI,多业态零售
600698.SH,湖南天雁,801880.SI,汽车,801093.SI,汽车零部件,850923.SI,底盘与发动机系统
600699.SH,,,,,,,
600702.SH,舍得酒业,801120.SI,食品饮料,801125.SI,白酒Ⅱ,851251.SI,白酒Ⅲ
600703.SH,三安光电,801080.SI,电子,801084.SI,光学光电子,850832.SI,LED
600704.SH,,,,,,,
600706.SH,,,,,,,
600707.SH,彩虹股份,801080.SI,电子,801084.SI,光学光电子,850831.SI,面板
600708.SH,光明地产,801180.SI,房地产,801181.SI,房地产开发,851811.SI,住宅开发
600710.SH,苏美达,801200.SI,商贸零售,801202.SI,贸易Ⅱ,852021.SI,贸易Ⅲ
600711.SH,,,,,,,
600712.SH,南宁百货,801200.SI,商贸零售,801203.SI,一般零售,852031.SI,百货
600713.SH,南京医药,801150.SI,医药生物,801154.SI,医药商业,851542.SI,医药流通
600714.SH,,,,,,,
600715.SH,文投控股,801760.SI,传媒,801764.SI,游戏Ⅱ,857641.SI,游戏Ⅲ
600716.SH,凤凰股份,801180.SI,房地产,801181.SI,房地产开发,851811.SI,住宅开发
600717.SH,天津港,801170.SI,交通运输,801992.SI,航运港口,851711.SI,港口
600718.SH,东软集团,801750.SI,计算机,801103.SI,IT服务Ⅱ,852226.SI,IT服务Ⅲ
600719.SH,大连热电,801160.SI,公用事业,801161.SI,电力,851614.SI,热力服务
600720.SH,,,,,,,
600721.SH,,,,,,,
600722.SH,,,,,,,
600724.SH,,,,,,,
600725.SH,云维股份,801950.SI,煤炭,801952.SI,焦炭Ⅱ,859521.SI,焦炭Ⅲ
600726.SH,华电能源,801160.SI,公用事业,801161.SI,电力,851611.SI,火力发电
600727.SH,,,,,,,
600728.SH,,,,,,,
600729.SH,重庆百货,801200.SI,商贸零售,801203.SI,一般零售,852033.SI,多业态零售
600731.SH,湖南海利,801030.SI,基础化工,801038.SI,农化制品,850333.SI,农药
600732.SH,,,,,,,
600733.SH,,,,,,,
600736.SH,苏州高新,801180.SI,房地产,801181.SI,房地产开发,851811.SI,住宅开发
600737.SH,中粮糖业,801010.SI,农林牧渔,801012.SI,农产品加工,850154.SI,其他农产品加工
600738.SH,丽尚国潮,801200.SI,商贸零售,801203.SI,一般零售,852031.SI,百货
600739.SH,,,,,,,
600740.SH,山西焦化,801950.SI,煤炭,801952.SI,焦炭Ⅱ,859521.SI,焦炭Ⅲ
600741.SH,华域汽车,801880.SI,汽车,801093.SI,汽车零部件,850922.SI,车身附件及饰件
600742.SH,富维股份,801880.SI,汽车,801093.SI,汽车零部件,850922.SI,车身附件及饰件
600743.SH,华远控股,801180.SI,房地产,801181.SI,房地产开发,851811.SI,住宅开发
600744.SH,华银电力,801160.SI,公用事业,801161.SI,电力,851611.SI,火力发电
600746.SH,,,,,,,
600748.SH,上实发展,801180.SI,房地产,801181.SI,房地产开发,851811.SI,住宅开发
600749.SH,西藏旅游,801210.SI,社会服务,801993.SI,旅游及景区,852112.SI,自然景区
600750.SH,华润江中,801150.SI,医药生物,801155.SI,中药Ⅱ,851521.SI,中药Ⅲ
600751.SH,,,,,,,
600754.SH,锦江酒店,801210.SI,社会服务,801219.SI,酒店餐饮,852121.SI,酒店
600755.SH,,,,,,,
600756.SH,,,,,,,
600757.SH,,,,,,,
600758.SH,,,,,,,
600760.SH,中航沈飞,801740.SI,国防军工,801742.SI,航空装备Ⅱ,857421.SI,航空装备Ⅲ
600761.SH,安徽合力,801890.SI,机械设备,801077.SI,工程机械,850771.SI,工程机械整机
600763.SH,通策医疗,801150.SI,医药生物,801156.SI,医疗服务,851564.SI,医院
600764.SH,,,,,,,
600765.SH,中航重机,801740.SI,国防军工,801742.SI,航空装备Ⅱ,857421.SI,航空装备Ⅲ
600768.SH,宁波富邦,801050.SI,有色金属,801055.SI,工业金属,850551.SI,铝
600769.SH,,,,,,,
600770.SH,综艺股份,801230.SI,综合,801231.SI,综合Ⅱ,852311.SI,综合Ⅲ
600771.SH,广誉远,801150.SI,医药生物,801155.SI,中药Ⅱ,851521.SI,中药Ⅲ
600773.SH,,,,,,,
600774.SH,,,,,,,
600775.SH,,,,,,,
600776.SH,东方通信,801770.SI,通信,801102.SI,通信设备,851027.SI,其他通信设备
600778.SH,友好集团,801200.SI,商贸零售,801203.SI,一般零售,852033.SI,多业态零售
600779.SH,水井坊,801120.SI,食品饮料,801125.SI,白酒Ⅱ,851251.SI,白酒Ⅲ
600780.SH,,,,,,,
600782.SH,新钢股份,801040.SI,钢铁,801044.SI,普钢,850442.SI,板材
600783.SH,,,,,,,
600784.SH,,,,,,,
600785.SH,新华百货,801200.SI,商贸零售,801203.SI,一般零售,852033.SI,多业态零售
600787.SH,中储股份,801170.SI,交通运输,801178.SI,物流,851786.SI,仓储物流
600789.SH,鲁抗医药,801150.SI,医药生物,801151.SI,化学制药,851512.SI,化学制剂
600790.SH,,,,,,,
600791.SH,,,,,,,
600792.SH,,,,,,,
600793.SH,宜宾纸业,801140.SI,轻工制造,801143.SI,造纸,851413.SI,特种纸
600794.SH,,,,,,,
600795.SH,国电电力,801160.SI,公用事业,801161.SI,电力,851611.SI,火力发电
600796.SH,,,,,,,
600797.SH,浙大网新,801750.SI,计算机,801103.SI,IT服务Ⅱ,852226.SI,IT服务Ⅲ
600798.SH,宁波海运,801170.SI,交通运输,801992.SI,航运港口,851761.SI,航运
600800.SH,,,,,,,
600801.SH,华新建材,801710.SI,建筑材料,801711.SI,水泥,857111.SI,水泥制造
600802.SH,福建水泥,801710.SI,建筑材料,801711.SI,水泥,857111.SI,水泥制造
600803.SH,,,,,,,
600805.SH,,,,,,,
600807.SH,,,,,,,
600808.SH,马钢股份,801040.SI,钢铁,801044.SI,普钢,850442.SI,板材
600809.SH,山西汾酒,801120.SI,食品饮料,801125.SI,白酒Ⅱ,851251.SI,白酒Ⅲ
600810.SH,,,,,,,
600812.SH,华北制药,801150.SI,医药生物,801151.SI,化学制药,851512.SI,化学制剂
600814.SH,杭州解百,801200.SI,商贸零售,801203.SI,一般零售,852031.SI,百货
600815.SH,厦工股份,801890.SI,机械设备,801077.SI,工程机械,850771.SI,工程机械整机
600816.SH,建元信托,801790.SI,非银金融,801191.SI,多元金融,851924.SI,信托
600817.SH,,,,,,,
600819.SH,耀皮玻璃,801710.SI,建筑材料,801712.SI,玻璃玻纤,857121.SI,玻璃制造
600820.SH,隧道股份,801720.SI,建筑装饰,801723.SI,基础建设,857236.SI,基建市政工程
600821.SH,,,,,,,
600822.SH,,,,,,,
600824.SH,,,,,,,
600825.SH,新华传媒,801760.SI,传媒,801769.SI,出版,857692.SI,大众出版
600826.SH,,,,,,,
600827.SH,百联股份,801200.SI,商贸零售,801203.SI,一般零售,852033.SI,多业态零售
600828.SH,茂业商业,801200.SI,商贸零售,801203.SI,一般零售,852031.SI,百货
600829.SH,,,,,,,
600830.SH,香溢融通,801790.SI,非银金融,801191.SI,多元金融,851922.SI,金融控股
600831.SH,广电网络,801760.SI,传媒,801995.SI,电视广播Ⅱ,859951.SI,电视广播Ⅲ
600833.SH,第一医药,801150.SI,医药生物,801154.SI,医药商业,851543.SI,线下药店
600834.SH,申通地铁,801170.SI,交通运输,801179.SI,铁路公路,851721.SI,公交
600835.SH,上海机电,801890.SI,机械设备,801074.SI,专用设备,850728.SI,楼宇设备
600838.SH,上海九百,801200.SI,商贸零售,801203.SI,一般零售,852033.SI,多业态零售
600839.SH,四川长虹,801110.SI,家用电器,801112.SI,黑色家电,851121.SI,彩电
600841.SH,,,,,,,
600843.SH,上工申贝,801890.SI,机械设备,801074.SI,专用设备,850721.SI,纺织服装设备
600844.SH,,,,,,,
600845.SH,,,,,,,
600846.SH,,,,,,,
600847.SH,万里股份,801730.SI,电力设备,801737.SI,电池,857375.SI,蓄电池及其他电池
600848.SH,,,,,,,
600850.SH,电科数字,801750.SI,计算机,801103.SI,IT服务Ⅱ,852226.SI,IT服务Ⅲ
600851.SH,海欣股份,801150.SI,医药生物,801151.SI,化学制药,851512.SI,化学制剂
600853.SH,,,,,,,
600854.SH,,,,,,,
600855.SH,,,,,,,
600857.SH,宁波中百,801200.SI,商贸零售,801203.SI,一般零售,852031.SI,百货
600858.SH,,,,,,,
600859.SH,王府井,801200.SI,商贸零售,801203.SI,一般零售,852031.SI,百货
600860.SH,京城股份,801890.SI,机械设备,801072.SI,通用设备,850751.SI,金属制品
600861.SH,,,,,,,
600862.SH,中航高科,801740.SI,国防军工,801742.SI,航空装备Ⅱ,857421.SI,航空装备Ⅲ
600863.SH,内蒙华电,801160.SI,公用事业,801161.SI,电力,851611.SI,火力发电
600864.SH,哈投股份,801790.SI,非银金融,801193.SI,证券Ⅱ,851931.SI,证券Ⅲ
600865.SH,百大集团,801200.SI,商贸零售,801203.SI,一般零售,852031.SI,百货
600866.SH,,,,,,,
600867.SH,通化东宝,801150.SI,医药生物,801152.SI,生物制品,851524.SI,其他生物制品
600868.SH,,,,,,,
600869.SH,,,,,,,
600871.SH,,,,,,,
600872.SH,中炬高新,801120.SI,食品饮料,801129.SI,调味发酵品Ⅱ,851242.SI,调味发酵品Ⅲ
600873.SH,,,,,,,
600874.SH,创业环保,801970.SI,环保,801971.SI,环境治理,859712.SI,水务及水治理
600875.SH,东方电气,801730.SI,电力设备,801733.SI,其他电源设备Ⅱ,857331.SI,综合电力设备商
600876.SH,凯盛新能,801710.SI,建筑材料,801712.SI,玻璃玻纤,857121.SI,玻璃制造
600877.SH,,,,,,,
600879.SH,航天电子,801740.SI,国防军工,801741.SI,航天装备Ⅱ,857411.SI,航天装备Ⅲ
600880.SH,博瑞传播,801210.SI,社会服务,801994.SI,教育,859853.SI,教育运营及其他
600881.SH,,,,,,,
600882.SH,,,,,,,
600883.SH,,,,,,,
600884.SH,,,,,,,
600885.SH,,,,,,,
600886.SH,国投电力,801160.SI,公用事业,801161.SI,电力,851612.SI,水力发电
600887.SH,伊利股份,801120.SI,食品饮料,801127.SI,饮料乳品,851243.SI,乳品
600888.SH,新疆众和,801050.SI,有色金属,801055.SI,工业金属,850551.SI,铝
600893.SH,,,,,,,
600894.SH,广日股份,801890.SI,机械设备,801074.SI,专用设备,850728.SI,楼宇设备
600895.SH,张江高科,801180.SI,房地产,801181.SI,房地产开发,851813.SI,产业地产
600897.SH,厦门空港,801170.SI,交通运输,801991.SI,航空机场,851751.SI,机场
600900.SH,长江电力,801160.SI,公用事业,801161.SI,电力,851612.SI,水力发电
600901.SH,江苏金租,801790.SI,非银金融,801191.SI,多元金融,851925.SI,租赁
600903.SH,贵州燃气,801160.SI,公用事业,801163.SI,燃气Ⅱ,851631.SI,燃气Ⅲ
600905.SH,,,,,,,
600906.SH,,,,,,,
600908.SH,无锡银行,801780.SI,银行,801785.SI,农商行Ⅱ,857851.SI,农商行Ⅲ
600909.SH,华安证券,801790.SI,非银金融,801193.SI,证券Ⅱ,851931.SI,证券Ⅲ
600916.SH,,,,,,,
600917.SH,重庆燃气,801160.SI,公用事业,801163.SI,燃气Ⅱ,851631.SI,燃气Ⅲ
600918.SH,,,,,,,
600919.SH,江苏银行,801780.SI,银行,801784.SI,城商行Ⅱ,857841.SI,城商行Ⅲ
600925.SH,苏能股份,801950.SI,煤炭,801951.SI,煤炭开采,859511.SI,动力煤
600926.SH,杭州银行,801780.SI,银行,801784.SI,城商行Ⅱ,857841.SI,城商行Ⅲ
600927.SH,,,,,,,
600928.SH,西安银行,801780.SI,银行,801784.SI,城商行Ⅱ,857841.SI,城商行Ⅲ
600929.SH,,,,,,,
600930.SH,华电新能,801160.SI,公用事业,801161.SI,电力,851617.SI,风力发电
600933.SH,爱柯迪,801880.SI,汽车,801093.SI,汽车零部件,850923.SI,底盘与发动机系统
600935.SH,,,,,,,
600936.SH,北投科技,801760.SI,传媒,801995.SI,电视广播Ⅱ,859951.SI,电视广播Ⅲ
600938.SH,,,,,,,
600939.SH,,,,,,,
600941.SH,中国移动,801770.SI,通信,801223.SI,通信服务,852212.SI,电信运营商
600955.SH,,,,,,,
600956.SH,,,,,,,
600958.SH,,,,,,,
600959.SH,江苏有线,801760.SI,传媒,801995.SI,电视广播Ⅱ,859951.SI,电视广播Ⅲ
600960.SH,渤海汽车,801880.SI,汽车,801093.SI,汽车零部件,850923.SI,底盘与发动机系统
600961.SH,株冶集团,801050.SI,有色金属,801055.SI,工业金属,850553.SI,铅锌
600962.SH,国投中鲁,801010.SI,农林牧渔,801012.SI,农产品加工,850151.SI,果蔬加工
600963.SH,岳阳林纸,801140.SI,轻工制造,801143.SI,造纸,851412.SI,大宗用纸
600966.SH,博汇纸业,801140.SI,轻工制造,801143.SI,造纸,851412.SI,大宗用纸
600967.SH,内蒙一机,801740.SI,国防军工,801743.SI,地面兵装Ⅱ,857431.SI,地面兵装Ⅲ
600968.SH,海油发展,801960.SI,石油石化,801962.SI,油服工程,859621.SI,油田服务
600969.SH,,,,,,,
600970.SH,中材国际,801720.SI,建筑装饰,801724.SI,专业工程,857243.SI,国际工程
600971.SH,恒源煤电,801950.SI,煤炭,801951.SI,煤炭开采,859511.SI,动力煤
600973.SH,宝胜股份,801730.SI,电力设备,801738.SI,电网设备,857344.SI,线缆部件及其他
600975.SH,新五丰,801010.SI,农林牧渔,801017.SI,养殖业,850172.SI,生猪养殖
600976.SH,健民集团,801150.SI,医药生物,801155.SI,中药Ⅱ,851521.SI,中药Ⅲ
600977.SH,中国电影,801760.SI,传媒,801766.SI,影视院线,857661.SI,影视动漫制作
600979.SH,,,,,,,
600980.SH,,,,,,,
600981.SH,苏豪汇鸿,801200.SI,商贸零售,801202.SI,贸易Ⅱ,852021.SI,贸易Ⅲ
600982.SH,宁波能源,801160.SI,公用事业,801161.SI,电力,851614.SI,热力服务
600983.SH,惠而浦,801110.SI,家用电器,801111.SI,白色家电,851116.SI,冰洗
600984.SH,建设机械,801890.SI,机械设备,801077.SI,工程机械,850771.SI,工程机械整机
600985.SH,,,,,,,
600986.SH,浙文互联,801760.SI,传媒,801765.SI,广告营销,857651.SI,营销代理
600987.SH,航民股份,801130.SI,纺织服饰,801131.SI,纺织制造,851314.SI,印染
600988.SH,赤峰黄金,801050.SI,有色金属,801053.SI,贵金属,850531.SI,黄金
600989.SH,,,,,,,
600990.SH,,,,,,,
600992.SH,贵绳股份,801890.SI,机械设备,801072.SI,通用设备,850751.SI,金属制品
600993.SH,马应龙,801150.SI,医药生物,801155.SI,中药Ⅱ,851521.SI,中药Ⅲ
600995.SH,,,,,,,
600996.SH,,,,,,,
600997.SH,,,,,,,
600998.SH,九州通,801150.SI,医药生物,801154.SI,医药商业,851542.SI,医药流通
600999.SH,招商证券,801790.SI,非银金融,801193.SI,证券Ⅱ,851931.SI,证券Ⅲ
601000.SH,唐山港,801170.SI,交通运输,801992.SI,航运港口,851711.SI,港口
601001.SH,晋控煤业,801950.SI,煤炭,801951.SI,煤炭开采,859511.SI,动力煤
601002.SH,晋亿实业,801890.SI,机械设备,801072.SI,通用设备,850751.SI,金属制品
601003.SH,柳钢股份,801040.SI,钢铁,801044.SI,普钢,850442.SI,板材
601005.SH,,,,,,,
601006.SH,大秦铁路,801170.SI,交通运输,801179.SI,铁路公路,851771.SI,铁路运输
601007.SH,金陵饭店,801210.SI,社会服务,801219.SI,酒店餐饮,852121.SI,酒店
601008.SH,连云港,801170.SI,交通运输,801992.SI,航运港口,851711.SI,港口
601009.SH,南京银行,801780.SI,银行,801784.SI,城商行Ⅱ,857841.SI,城商行Ⅲ
601011.SH,,,,,,,
601012.SH,,,,,,,
601015.SH,陕西黑猫,801950.SI,煤炭,801952.SI,焦炭Ⅱ,859521.SI,焦炭Ⅲ
601016.SH,节能风电,801160.SI,公用事业,801161.SI,电力,851617.SI,风力发电
601018.SH,宁波港,801170.SI,交通运输,801992.SI,航运港口,851711.SI,港口
601019.SH,山东出版,801760.SI,传媒,801769.SI,出版,857691.SI,教育出版
601020.SH,,,,,,,
601021.SH,,,,,,,
601022.SH,宁波远洋,801170.SI,交通运输,801992.SI,航运港口,851761.SI,航运
601026.SH,,,,,,,
601033.SH,永兴股份,801970.SI,环保,801971.SI,环境治理,859713.SI,固废治理
601038.SH,一拖股份,801890.SI,机械设备,801074.SI,专用设备,850723.SI,农用机械
601058.SH,,,,,,,
601059.SH,信达证券,801790.SI,非银金融,801193.SI,证券Ⅱ,851931.SI,证券Ⅲ
601061.SH,中信金属,801200.SI,商贸零售,801202.SI,贸易Ⅱ,852021.SI,贸易Ⅲ
601065.SH,江盐集团,801030.SI,基础化工,801033.SI,化学原料,850321.SI,纯碱
601066.SH,,,,,,,
601068.SH,中铝国际,801720.SI,建筑装饰,801724.SI,专业工程,857244.SI,其他专业工程
601069.SH,西部黄金,801050.SI,有色金属,801053.SI,贵金属,850531.SI,黄金
601077.SH,渝农商行,801780.SI,银行,801785.SI,农商行Ⅱ,857851.SI,农商行Ⅲ
601083.SH,,,,,,,
601086.SH,国芳集团,801200.SI,商贸零售,801203.SI,一般零售,852031.SI,百货
601088.SH,中国神华,801950.SI,煤炭,801951.SI,煤炭开采,859511.SI,动力煤
601089.SH,福元医药,801150.SI,医药生物,801151.SI,化学制药,851512.SI,化学制剂
601096.SH,,,,,,,
601098.SH,中南传媒,801760.SI,传媒,801769.SI,出版,857691.SI,教育出版
601099.SH,太平洋,801790.SI,非银金融,801193.SI,证券Ⅱ,851931.SI,证券Ⅲ
601100.SH,恒立液压,801890.SI,机械设备,801077.SI,工程机械,850772.SI,工程机械器件
601101.SH,昊华能源,801950.SI,煤炭,801951.SI,煤炭开采,859511.SI,动力煤
601106.SH,中国一重,801890.SI,机械设备,801074.SI,专用设备,850725.SI,能源及重型设备
601107.SH,四川成渝,801170.SI,交通运输,801179.SI,铁路公路,851731.SI,高速公路
601108.SH,财通证券,801790.SI,非银金融,801193.SI,证券Ⅱ,851931.SI,证券Ⅲ
601111.SH,,,,,,,
601112.SH,振石股份,801710.SI,建筑材料,801712.SI,玻璃玻纤,857122.SI,玻纤制造
601113.SH,,,,,,,
601116.SH,三江购物,801200.SI,商贸零售,801203.SI,一般零售,852032.SI,超市
601117.SH,中国化学,801720.SI,建筑装饰,801724.SI,专业工程,857242.SI,化学工程
601118.SH,海南橡胶,801010.SI,农林牧渔,801016.SI,种植业,850113.SI,其他种植业
601121.SH,宝地矿业,801040.SI,钢铁,801043.SI,冶钢原料,850431.SI,铁矿石
601126.SH,四方股份,801730.SI,电力设备,801738.SI,电网设备,857321.SI,电网自动化设备
601127.SH,,,,,,,
601128.SH,常熟银行,801780.SI,银行,801785.SI,农商行Ⅱ,857851.SI,农商行Ⅲ
601133.SH,柏诚股份,801720.SI,建筑装饰,801724.SI,专业工程,857244.SI,其他专业工程
601136.SH,首创证券,801790.SI,非银金融,801193.SI,证券Ⅱ,851931.SI,证券Ⅲ
601137.SH,,,,,,,
601138.SH,工业富联,801080.SI,电子,801085.SI,消费电子,850854.SI,消费电子零部件及组装
601139.SH,,,,,,,
601155.SH,,,,,,,
601156.SH,,,,,,,
601158.SH,,,,,,,
601162.SH,天风证券,801790.SI,非银金融,801193.SI,证券Ⅱ,851931.SI,证券Ⅲ
601163.SH,三角轮胎,801880.SI,汽车,801093.SI,汽车零部件,850924.SI,轮胎轮毂
601166.SH,兴业银行,801780.SI,银行,801783.SI,股份制银行Ⅱ,857831.SI,股份制银行Ⅲ
601168.SH,,,,,,,
601169.SH,北京银行,801780.SI,银行,801784.SI,城商行Ⅱ,857841.SI,城商行Ⅲ
601177.SH,杭齿前进,801890.SI,机械设备,801072.SI,通用设备,850751.SI,金属制品
601179.SH,中国西电,801730.SI,电力设备,801738.SI,电网设备,857381.SI,输变电设备
601186.SH,中国铁建,801720.SI,建筑装饰,801723.SI,基础建设,857236.SI,基建市政工程
601187.SH,厦门银行,801780.SI,银行,801784.SI,城商行Ⅱ,857841.SI,城商行Ⅲ
601188.SH,龙江交通,801170.SI,交通运输,801179.SI,铁路公路,851731.SI,高速公路
601198.SH,,,,,,,
601199.SH,,,,,,,
601200.SH,,,,,,,
601208.SH,,,,,,,
601211.SH,,,,,,,
601212.SH,,,,,,,
601216.SH,君正集团,801030.SI,基础化工,801033.SI,化学原料,850322.SI,氯碱
601218.SH,吉鑫科技,801730.SI,电力设备,801736.SI,风电设备,857362.SI,风电零部件
601222.SH,,,,,,,
601225.SH,陕西煤业,801950.SI,煤炭,801951.SI,煤炭开采,859511.SI,动力煤
601226.SH,,,,,,,
601228.SH,广州港,801170.SI,交通运输,801992.SI,航运港口,851711.SI,港口
601229.SH,上海银行,801780.SI,银行,801784.SI,城商行Ⅱ,857841.SI,城商行Ⅲ
601231.SH,环旭电子,801080.SI,电子,801085.SI,消费电子,850854.SI,消费电子零部件及组装
601233.SH,,,,,,,
601236.SH,红塔证券,801790.SI,非银金融,801193.SI,证券Ⅱ,851931.SI,证券Ⅲ
601238.SH,广汽集团,801880.SI,汽车,801095.SI,乘用车,850952.SI,综合乘用车
601279.SH,,,,,,,
601288.SH,农业银行,801780.SI,银行,801782.SI,国有大型银行Ⅱ,857821.SI,国有大型银行Ⅲ
601298.SH,青岛港,801170.SI,交通运输,801992.SI,航运港口,851711.SI,港口
601311.SH,骆驼股份,801730.SI,电力设备,801737.SI,电池,857375.SI,蓄电池及其他电池
601318.SH,中国平安,801790.SI,非银金融,801194.SI,保险Ⅱ,851941.SI,保险Ⅲ
601319.SH,中国人保,801790.SI,非银金融,801194.SI,保险Ⅱ,851941.SI,保险Ⅲ
601326.SH,秦港股份,801170.SI,交通运输,801992.SI,航运港口,851711.SI,港口
601328.SH,交通银行,801780.SI,银行,801782.SI,国有大型银行Ⅱ,857821.SI,国有大型银行Ⅲ
601330.SH,绿色动力,801970.SI,环保,801971.SI,环境治理,859713.SI,固废治理
601333.SH,广深铁路,801170.SI,交通运输,801179.SI,铁路公路,851771.SI,铁路运输
601336.SH,新华保险,801790.SI,非银金融,801194.SI,保险Ⅱ,851941.SI,保险Ⅲ
601339.SH,百隆东方,801130.SI,纺织服饰,801131.SI,纺织制造,851312.SI,棉纺
601360.SH,,,,,,,
601366.SH,利群股份,801200.SI,商贸零售,801203.SI,一般零售,852033.SI,多业态零售
601368.SH,绿城水务,801970.SI,环保,801971.SI,环境治理,859712.SI,水务及水治理
601369.SH,,,,,,,
601375.SH,,,,,,,
601377.SH,兴业证券,801790.SI,非银金融,801193.SI,证券Ⅱ,851931.SI,证券Ⅲ
601388.SH,怡球资源,801050.SI,有色金属,801055.SI,工业金属,850551.SI,铝
601390.SH,中国中铁,801720.SI,建筑装饰,801723.SI,基础建设,857236.SI,基建市政工程
601398.SH,工商银行,801780.SI,银行,801782.SI,国有大型银行Ⅱ,857821.SI,国有大型银行Ⅲ
601399.SH,,,,,,,
601456.SH,国联民生,801790.SI,非银金融,801193.SI,证券Ⅱ,851931.SI,证券Ⅲ
601500.SH,通用股份,801880.SI,汽车,801093.SI,汽车零部件,850924.SI,轮胎轮毂
601512.SH,中新集团,801180.SI,房地产,801181.SI,房地产开发,851813.SI,产业地产
601515.SH,衢州东峰,801140.SI,轻工制造,801141.SI,包装印刷,851425.SI,纸包装
601518.SH,吉林高速,801170.SI,交通运输,801179.SI,铁路公路,851731.SI,高速公路
601519.SH,大智慧,801750.SI,计算机,801104.SI,软件开发,851041.SI,垂直应用软件
601528.SH,,,,,,,
601555.SH,东吴证券,801790.SI,非银金融,801193.SI,证券Ⅱ,851931.SI,证券Ⅲ
601566.SH,九牧王,801130.SI,纺织服饰,801132.SI,服装家纺,851329.SI,非运动服装
601567.SH,,,,,,,
601568.SH,,,,,,,
601577.SH,长沙银行,801780.SI,银行,801784.SI,城商行Ⅱ,857841.SI,城商行Ⅲ
601579.SH,,,,,,,
601588.SH,北辰实业,801180.SI,房地产,801181.SI,房地产开发,851811.SI,住宅开发
601595.SH,上海电影,801760.SI,传媒,801766.SI,影视院线,857661.SI,影视动漫制作
601598.SH,中国外运,801170.SI,交通运输,801178.SI,物流,851785.SI,跨境物流
601599.SH,浙文影业,801130.SI,纺织服饰,801131.SI,纺织制造,851316.SI,其他纺织
601600.SH,中国铝业,801050.SI,有色金属,801055.SI,工业金属,850551.SI,铝
601601.SH,中国太保,801790.SI,非银金融,801194.SI,保险Ⅱ,851941.SI,保险Ⅲ
601606.SH,,,,,,,
601607.SH,上海医药,801150.SI,医药生物,801154.SI,医药商业,851542.SI,医药流通
601608.SH,中信重工,801890.SI,机械设备,801074.SI,专用设备,850725.SI,能源及重型设备
601609.SH,金田股份,801050.SI,有色金属,801055.SI,工业金属,850552.SI,铜
601611.SH,中国核建,801720.SI,建筑装饰,801723.SI,基础建设,857236.SI,基建市政工程
601615.SH,明阳智能,801730.SI,电力设备,801736.SI,风电设备,857361.SI,风电整机
601616.SH,广电电气,801730.SI,电力设备,801738.SI,电网设备,857382.SI,配电设备
601618.SH,中国中冶,801720.SI,建筑装饰,801724.SI,专业工程,857244.SI,其他专业工程
601619.SH,嘉泽新能,801160.SI,公用事业,801161.SI,电力,851617.SI,风力发电
601628.SH,中国人寿,801790.SI,非银金融,801194.SI,保险Ⅱ,851941.SI,保险Ⅲ
601633.SH,长城汽车,801880.SI,汽车,801095.SI,乘用车,850952.SI,综合乘用车
601636.SH,旗滨集团,801710.SI,建筑材料,801712.SI,玻璃玻纤,857121.SI,玻璃制造
601658.SH,邮储银行,801780.SI,银行,801782.SI,国有大型银行Ⅱ,857821.SI,国有大型银行Ⅲ
601665.SH,,,,,,,
601666.SH,平煤股份,801950.SI,煤炭,801951.SI,煤炭开采,859512.SI,焦煤
601668.SH,中国建筑,801720.SI,建筑装饰,801721.SI,房屋建设Ⅱ,850623.SI,房屋建设Ⅲ
601669.SH,中国电建,801720.SI,建筑装饰,801723.SI,基础建设,857236.SI,基建市政工程
601677.SH,明泰铝业,801050.SI,有色金属,801055.SI,工业金属,850551.SI,铝
601678.SH,,,,,,,
601686.SH,,,,,,,
601688.SH,华泰证券,801790.SI,非银金融,801193.SI,证券Ⅱ,851931.SI,证券Ⅲ
601689.SH,拓普集团,801880.SI,汽车,801093.SI,汽车零部件,850923.SI,底盘与发动机系统
601696.SH,,,,,,,
601698.SH,中国卫通,801740.SI,国防军工,801741.SI,航天装备Ⅱ,857411.SI,航天装备Ⅲ
601699.SH,潞安环能,801950.SI,煤炭,801951.SI,煤炭开采,859512.SI,焦煤
601700.SH,风范股份,801730.SI,电力设备,801738.SI,电网设备,857344.SI,线缆部件及其他
601702.SH,,,,,,,
601717.SH,,,,,,,
601727.SH,上海电气,801730.SI,电力设备,801733.SI,其他电源设备Ⅱ,857331.SI,综合电力设备商
601728.SH,,,,,,,
601766.SH,中国中车,801890.SI,机械设备,801076.SI,轨交设备Ⅱ,850936.SI,轨交设备Ⅲ
601777.SH,千里科技,801880.SI,汽车,801881.SI,摩托车及其他,858812.SI,摩托车
601778.SH,,,,,,,
601788.SH,光大证券,801790.SI,非银金融,801193.SI,证券Ⅱ,851931.SI,证券Ⅲ
601789.SH,宁波建工,801720.SI,建筑装饰,801721.SI,房屋建设Ⅱ,850623.SI,房屋建设Ⅲ
601798.SH,蓝科高新,801890.SI,机械设备,801074.SI,专用设备,850725.SI,能源及重型设备
601799.SH,,,,,,,
601800.SH,中国交建,801720.SI,建筑装饰,801723.SI,基础建设,857236.SI,基建市政工程
601801.SH,皖新传媒,801760.SI,传媒,801769.SI,出版,857692.SI,大众出版
601808.SH,中海油服,801960.SI,石油石化,801962.SI,油服工程,859621.SI,油田服务
601811.SH,新华文轩,801760.SI,传媒,801769.SI,出版,857691.SI,教育出版
601816.SH,京沪高铁,801170.SI,交通运输,801179.SI,铁路公路,851771.SI,铁路运输
601818.SH,光大银行,801780.SI,银行,801783.SI,股份制银行Ⅱ,857831.SI,股份制银行Ⅲ
601825.SH,,,,,,,
601827.SH,三峰环境,801970.SI,环保,801971.SI,环境治理,859713.SI,固废治理
601828.SH,,,,,,,
601838.SH,成都银行,801780.SI,银行,801784.SI,城商行Ⅱ,857841.SI,城商行Ⅲ
601857.SH,中国石油,801960.SI,石油石化,801963.SI,炼化及贸易,859631.SI,炼油化工
601858.SH,中国科传,801760.SI,传媒,801769.SI,出版,857692.SI,大众出版
601860.SH,紫金银行,801780.SI,银行,801785.SI,农商行Ⅱ,857851.SI,农商行Ⅲ
601865.SH,,,,,,,
601866.SH,中远海发,801170.SI,交通运输,801992.SI,航运港口,851761.SI,航运
601868.SH,,,,,,,
601869.SH,长飞光纤,801770.SI,通信,801102.SI,通信设备,851025.SI,通信线缆及配套
601872.SH,招商轮船,801170.SI,交通运输,801992.SI,航运港口,851761.SI,航运
601877.SH,正泰电器,801730.SI,电力设备,801738.SI,电网设备,857382.SI,配电设备
601878.SH,浙商证券,801790.SI,非银金融,801193.SI,证券Ⅱ,851931.SI,证券Ⅲ
601880.SH,,,,,,,
601881.SH,中国银河,801790.SI,非银金融,801193.SI,证券Ⅱ,851931.SI,证券Ⅲ
601882.SH,海天精工,801890.SI,机械设备,801072.SI,通用设备,850711.SI,机床工具
601886.SH,江河集团,801720.SI,建筑装饰,801722.SI,装修装饰Ⅱ,857221.SI,装修装饰Ⅲ
601888.SH,,,,,,,
601890.SH,亚星锚链,801740.SI,国防军工,801744.SI,航海装备Ⅱ,850935.SI,航海装备Ⅲ
601898.SH,中煤能源,801950.SI,煤炭,801951.SI,煤炭开采,859511.SI,动力煤
601899.SH,,,,,,,
601900.SH,南方传媒,801760.SI,传媒,801769.SI,出版,857691.SI,教育出版
601901.SH,方正证券,801790.SI,非银金融,801193.SI,证券Ⅱ,851931.SI,证券Ⅲ
601908.SH,京运通,801160.SI,公用事业,801161.SI,电力,851616.SI,光伏发电
601916.SH,,,,,,,
601918.SH,新集能源,801950.SI,煤炭,801951.SI,煤炭开采,859511.SI,动力煤
601919.SH,中远海控,801170.SI,交通运输,801992.SI,航运港口,851761.SI,航运
601921.SH,,,,,,,
601928.SH,凤凰传媒,801760.SI,传媒,801769.SI,出版,857691.SI,教育出版
601929.SH,吉视传媒,801760.SI,传媒,801995.SI,电视广播Ⅱ,859951.SI,电视广播Ⅲ
601933.SH,永辉超市,801200.SI,商贸零售,801203.SI,一般零售,852032.SI,超市
601939.SH,建设银行,801780.SI,银行,801782.SI,国有大型银行Ⅱ,857821.SI,国有大型银行Ⅲ
601949.SH,中国出版,801760.SI,传媒,801769.SI,出版,857692.SI,大众出版
601952.SH,苏垦农发,801010.SI,农林牧渔,801016.SI,种植业,850112.SI,粮食种植
601956.SH,东贝集团,801110.SI,家用电器,801116.SI,家电零部件Ⅱ,851161.SI,家电零部件Ⅲ
601958.SH,,,,,,,
601963.SH,,,,,,,
601965.SH,中国汽研,801880.SI,汽车,801092.SI,汽车服务,850233.SI,汽车综合服务
601966.SH,玲珑轮胎,801880.SI,汽车,801093.SI,汽车零部件,850924.SI,轮胎轮毂
601968.SH,宝钢包装,801140.SI,轻工制造,801141.SI,包装印刷,851423.SI,金属包装
601969.SH,,,,,,,
601975.SH,招商南油,801170.SI,交通运输,801992.SI,航运港口,851761.SI,航运
601985.SH,,,,,,,
601988.SH,中国银行,801780.SI,银行,801782.SI,国有大型银行Ⅱ,857821.SI,国有大型银行Ⅲ
601990.SH,,,,,,,
601991.SH,大唐发电,801160.SI,公用事业,801161.SI,电力,851611.SI,火力发电
601992.SH,金隅集团,801710.SI,建筑材料,801711.SI,水泥,857111.SI,水泥制造
601995.SH,,,,,,,
601996.SH,,,,,,,
601997.SH,贵阳银行,801780.SI,银行,801784.SI,城商行Ⅱ,857841.SI,城商行Ⅲ
601998.SH,中信银行,801780.SI,银行,801783.SI,股份制银行Ⅱ,857831.SI,股份制银行Ⅲ
601999.SH,出版传媒,801760.SI,传媒,801769.SI,出版,857692.SI,大众出版
603000.SH,人民网,801760.SI,传媒,801767.SI,数字媒体,857674.SI,门户网站
603001.SH,奥康国际,801130.SI,纺织服饰,801132.SI,服装家纺,851325.SI,鞋帽及其他
603002.SH,,,,,,,
603004.SH,,,,,,,
603005.SH,晶方科技,801080.SI,电子,801081.SI,半导体,850817.SI,集成电路封测
603006.SH,联明股份,801880.SI,汽车,801093.SI,汽车零部件,850925.SI,其他汽车零部件
603007.SH,*ST花王,801720.SI,建筑装饰,801723.SI,基础建设,857251.SI,园林工程
603009.SH,北特科技,801880.SI,汽车,801093.SI,汽车零部件,850923.SI,底盘与发动机系统
603010.SH,万盛股份,801030.SI,基础化工,801034.SI,化学制品,850339.SI,其他化学制品
603011.SH,合锻智能,801890.SI,机械设备,801074.SI,专用设备,850727.SI,其他专用设备
603012.SH,创力集团,801890.SI,机械设备,801074.SI,专用设备,850725.SI,能源及重型设备
603013.SH,,,,,,,
603014.SH,,,,,,,
603015.SH,弘讯科技,801890.SI,机械设备,801078.SI,自动化设备,850782.SI,工控设备
603016.SH,,,,,,,
603017.SH,,,,,,,
603018.SH,,,,,,,
603019.SH,中科曙光,801750.SI,计算机,801101.SI,计算机设备,850703.SI,其他计算机设备
603020.SH,,,,,,,
603022.SH,新通联,801140.SI,轻工制造,801141.SI,包装印刷,851426.SI,综合包装
603023.SH,,,,,,,
603025.SH,大豪科技,801890.SI,机械设备,801078.SI,自动化设备,850782.SI,工控设备
603026.SH,,,,,,,
603027.SH,千禾味业,801120.SI,食品饮料,801129.SI,调味发酵品Ⅱ,851242.SI,调味发酵品Ⅲ
603028.SH,,,,,,,
603029.SH,,,,,,,
603030.SH,全筑股份,801720.SI,建筑装饰,801722.SI,装修装饰Ⅱ,857221.SI,装修装饰Ⅲ
603031.SH,,,,,,,
603032.SH,,,,,,,
603033.SH,三维股份,801030.SI,基础化工,801037.SI,橡胶,850362.SI,其他橡胶制品
603035.SH,常熟汽饰,801880.SI,汽车,801093.SI,汽车零部件,850922.SI,车身附件及饰件
603036.SH,如通股份,801890.SI,机械设备,801074.SI,专用设备,850725.SI,能源及重型设备
603037.SH,,,,,,,
603038.SH,华立股份,801710.SI,建筑材料,801713.SI,装修建材,850614.SI,其他建材
603039.SH,泛微网络,801750.SI,计算机,801104.SI,软件开发,851042.SI,横向通用软件
603040.SH,新坐标,801880.SI,汽车,801093.SI,汽车零部件,850923.SI,底盘与发动机系统
603041.SH,,,,,,,
603042.SH,华脉科技,801770.SI,通信,801102.SI,通信设备,851025.SI,通信线缆及配套
603043.SH,,,,,,,
603045.SH,,,,,,,
603048.SH,,,,,,,
603049.SH,中策橡胶,801880.SI,汽车,801093.SI,汽车零部件,850924.SI,轮胎轮毂
603050.SH,科林电气,801730.SI,电力设备,801738.SI,电网设备,857321.SI,电网自动化设备
603051.SH,,,,,,,
603052.SH,,,,,,,
603053.SH,成都燃气,801160.SI,公用事业,801163.SI,燃气Ⅱ,851631.SI,燃气Ⅲ
603055.SH,台华新材,801130.SI,纺织服饰,801131.SI,纺织制造,851316.SI,其他纺织
603056.SH,,,,,,,
603057.SH,紫燕食品,801120.SI,食品饮料,801128.SI,休闲食品,851283.SI,熟食
603058.SH,,,,,,,
603059.SH,倍加洁,801980.SI,美容护理,801981.SI,个护用品,859812.SI,洗护用品
603060.SH,,,,,,,
603061.SH,,,,,,,
603062.SH,,,,,,,
603063.SH,禾望电气,801730.SI,电力设备,801736.SI,风电设备,857362.SI,风电零部件
603065.SH,宿迁联盛,801030.SI,基础化工,801034.SI,化学制品,850339.SI,其他化学制品
603066.SH,音飞储存,801170.SI,交通运输,801178.SI,物流,851786.SI,仓储物流
603067.SH,振华股份,801030.SI,基础化工,801033.SI,化学原料,850323.SI,无机盐
603068.SH,博通集成,801080.SI,电子,801081.SI,半导体,850815.SI,模拟芯片设计
603069.SH,海汽集团,801170.SI,交通运输,801179.SI,铁路公路,851721.SI,公交
603070.SH,万控智造,801730.SI,电力设备,801738.SI,电网设备,857382.SI,配电设备
603071.SH,,,,,,,
603072.SH,,,,,,,
603073.SH,彩蝶实业,801030.SI,基础化工,801032.SI,化学纤维,850341.SI,涤纶
603075.SH,,,,,,,
603076.SH,乐惠国际,801890.SI,机械设备,801074.SI,专用设备,850727.SI,其他专用设备
603077.SH,,,,,,,
603078.SH,,,,,,,
603079.SH,,,,,,,
603080.SH,新疆火炬,801160.SI,公用事业,801163.SI,燃气Ⅱ,851631.SI,燃气Ⅲ
603081.SH,大丰实业,801890.SI,机械设备,801074.SI,专用设备,850727.SI,其他专用设备
603082.SH,北自科技,801890.SI,机械设备,801078.SI,自动化设备,850784.SI,其他自动化设备
603083.SH,剑桥科技,801770.SI,通信,801102.SI,通信设备,851026.SI,通信终端及配件
603085.SH,,,,,,,
603086.SH,先达股份,801030.SI,基础化工,801038.SI,农化制品,850333.SI,农药
603087.SH,甘李药业,801150.SI,医药生物,801152.SI,生物制品,851524.SI,其他生物制品
603088.SH,宁波精达,801890.SI,机械设备,801072.SI,通用设备,850711.SI,机床工具
603089.SH,,,,,,,
603090.SH,宏盛股份,801890.SI,机械设备,801072.SI,通用设备,850716.SI,其他通用设备
603091.SH,,,,,,,
603092.SH,,,,,,,
603093.SH,南华期货,801790.SI,非银金融,801191.SI,多元金融,851923.SI,期货
603095.SH,,,,,,,
603096.SH,新经典,801760.SI,传媒,801769.SI,出版,857692.SI,大众出版
603097.SH,,,,,,,
603098.SH,森特股份,801720.SI,建筑装饰,801724.SI,专业工程,857241.SI,钢结构
603099.SH,,,,,,,
603100.SH,,,,,,,
603101.SH,,,,,,,
603102.SH,,,,,,,
603103.SH,横店影视,801760.SI,传媒,801766.SI,影视院线,857662.SI,院线
603105.SH,芯能科技,801160.SI,公用事业,801161.SI,电力,851616.SI,光伏发电
603106.SH,恒银科技,801750.SI,计算机,801101.SI,计算机设备,850703.SI,其他计算机设备
603107.SH,,,,,,,
603108.SH,,,,,,,
603109.SH,神驰机电,801880.SI,汽车,801093.SI,汽车零部件,850925.SI,其他汽车零部件
603110.SH,东方材料,801030.SI,基础化工,801034.SI,化学制品,850335.SI,涂料油墨
603111.SH,,,,,,,
603112.SH,华翔股份,801110.SI,家用电器,801116.SI,家电零部件Ⅱ,851161.SI,家电零部件Ⅲ
603113.SH,,,,,,,
603115.SH,海星股份,801050.SI,有色金属,801055.SI,工业金属,850551.SI,铝
603116.SH,,,,,,,
603117.SH,万林物流,801170.SI,交通运输,801178.SI,物流,851785.SI,跨境物流
603118.SH,,,,,,,
603119.SH,,,,,,,
603120.SH,,,,,,,
603121.SH,华培动力,801880.SI,汽车,801093.SI,汽车零部件,850923.SI,底盘与发动机系统
603122.SH,合富中国,801150.SI,医药生物,801154.SI,医药商业,851542.SI,医药流通
603123.SH,翠微股份,801200.SI,商贸零售,801203.SI,一般零售,852031.SI,百货
603124.SH,,,,,,,
603125.SH,常青科技,801030.SI,基础化工,801034.SI,化学制品,850339.SI,其他化学制品
603126.SH,,,,,,,
603127.SH,昭衍新药,801150.SI,医药生物,801156.SI,医疗服务,851563.SI,医疗研发外包
603128.SH,华贸物流,801170.SI,交通运输,801178.SI,物流,851785.SI,跨境物流
603129.SH,,,,,,,
603130.SH,,,,,,,
603131.SH,上海沪工,801890.SI,机械设备,801072.SI,通用设备,850716.SI,其他通用设备
603132.SH,金徽股份,801050.SI,有色金属,801055.SI,工业金属,850553.SI,铅锌
603135.SH,中重科技,801890.SI,机械设备,801074.SI,专用设备,850725.SI,能源及重型设备
603136.SH,,,,,,,
603137.SH,,,,,,,
603138.SH,海量数据,801750.SI,计算机,801103.SI,IT服务Ⅱ,852226.SI,IT服务Ⅲ
603139.SH,康惠股份,801150.SI,医药生物,801155.SI,中药Ⅱ,851521.SI,中药Ⅲ
603150.SH,万朗磁塑,801030.SI,基础化工,801036.SI,塑料,850351.SI,其他塑料制品
603151.SH,,,,,,,
603153.SH,上海建科,801720.SI,建筑装饰,801726.SI,工程咨询服务Ⅱ,857261.SI,工程咨询服务Ⅲ
603155.SH,,,,,,,
603156.SH,养元饮品,801120.SI,食品饮料,801127.SI,饮料乳品,851271.SI,软饮料
603158.SH,腾龙股份,801880.SI,汽车,801093.SI,汽车零部件,850923.SI,底盘与发动机系统
603159.SH,上海亚虹,801890.SI,机械设备,801074.SI,专用设备,850727.SI,其他专用设备
603160.SH,,,,,,,
603161.SH,科华控股,801880.SI,汽车,801093.SI,汽车零部件,850923.SI,底盘与发动机系统
603162.SH,海通发展,801170.SI,交通运输,801992.SI,航运港口,851761.SI,航运
603163.SH,,,,,,,
603165.SH,荣晟环保,801140.SI,轻工制造,801143.SI,造纸,851412.SI,大宗用纸
603166.SH,福达股份,801880.SI,汽车,801093.SI,汽车零部件,850923.SI,底盘与发动机系统
603167.SH,,,,,,,
603168.SH,莎普爱思,801150.SI,医药生物,801151.SI,化学制药,851512.SI,化学制剂
603169.SH,,,,,,,
603170.SH,,,,,,,
603171.SH,,,,,,,
603172.SH,,,,,,,
603173.SH,,,,,,,
603175.SH,,,,,,,
603176.SH,汇通集团,801720.SI,建筑装饰,801723.SI,基础建设,857236.SI,基建市政工程
603177.SH,,,,,,,
603178.SH,圣龙股份,801880.SI,汽车,801093.SI,汽车零部件,850923.SI,底盘与发动机系统
603179.SH,新泉股份,801880.SI,汽车,801093.SI,汽车零部件,850926.SI,汽车电子电气系统
603180.SH,金牌家居,801140.SI,轻工制造,801142.SI,家居用品,851438.SI,定制家居
603181.SH,,,,,,,
603182.SH,嘉华股份,801010.SI,农林牧渔,801012.SI,农产品加工,850152.SI,粮油加工
603183.SH,,,,,,,
603185.SH,,,,,,,
603186.SH,华正新材,801080.SI,电子,801083.SI,元件,850822.SI,印制电路板
603187.SH,海容冷链,801890.SI,机械设备,801072.SI,通用设备,850715.SI,制冷空调设备
603188.SH,亚邦股份,801030.SI,基础化工,801034.SI,化学制品,850338.SI,纺织化学制品
603190.SH,亚通精工,801880.SI,汽车,801093.SI,汽车零部件,850925.SI,其他汽车零部件
603191.SH,望变电气,801730.SI,电力设备,801738.SI,电网设备,857381.SI,输变电设备
603192.SH,汇得科技,801030.SI,基础化工,801034.SI,化学制品,850372.SI,聚氨酯
603193.SH,,,,,,,
603194.SH,,,,,,,
603195.SH,公牛集团,801140.SI,轻工制造,801142.SI,家居用品,851491.SI,其他家居用品
603196.SH,日播时尚,801130.SI,纺织服饰,801132.SI,服装家纺,851329.SI,非运动服装
603197.SH,保隆科技,801880.SI,汽车,801093.SI,汽车零部件,850925.SI,其他汽车零部件
603198.SH,,,,,,,
603199.SH,九华旅游,801210.SI,社会服务,801993.SI,旅游及景区,852112.SI,自然景区
603200.SH,上海洗霸,801970.SI,环保,801971.SI,环境治理,859712.SI,水务及水治理
603201.SH,,,,,,,
603202.SH,天有为,801880.SI,汽车,801093.SI,汽车零部件,850926.SI,汽车电子电气系统
603203.SH,,,,,,,
603205.SH,,,,,,,
603206.SH,嘉环科技,801770.SI,通信,801223.SI,通信服务,852213.SI,通信工程及服务
603207.SH,,,,,,,
603208.SH,江山欧派,801140.SI,轻工制造,801142.SI,家居用品,851438.SI,定制家居
603209.SH,,,,,,,
603210.SH,,,,,,,
603211.SH,晋拓股份,801880.SI,汽车,801093.SI,汽车零部件,850925.SI,其他汽车零部件
603212.SH,赛伍技术,801730.SI,电力设备,801735.SI,光伏设备,857354.SI,光伏辅材
603213.SH,,,,,,,
603214.SH,,,,,,,
603215.SH,,,,,,,
603216.SH,,,,,,,
603217.SH,元利科技,801030.SI,基础化工,801034.SI,化学制品,850339.SI,其他化学制品
603218.SH,,,,,,,
603219.SH,,,,,,,
603220.SH,中贝通信,801770.SI,通信,801223.SI,通信服务,852213.SI,通信工程及服务
603221.SH,爱丽家居,801140.SI,轻工制造,801142.SI,家居用品,851436.SI,瓷砖地板
603222.SH,,,,,,,
603223.SH,,,,,,,
603225.SH,新凤鸣,801030.SI,基础化工,801032.SI,化学纤维,850341.SI,涤纶
603226.SH,菲林格尔,801140.SI,轻工制造,801142.SI,家居用品,851436.SI,瓷砖地板
603227.SH,雪峰科技,801030.SI,基础化工,801034.SI,化学制品,850337.SI,民爆制品
603228.SH,景旺电子,801080.SI,电子,801083.SI,元件,850822.SI,印制电路板
603229.SH,奥翔药业,801150.SI,医药生物,801151.SI,化学制药,851511.SI,原料药
603230.SH,,,,,,,
603231.SH,,,,,,,
603232.SH,格尔软件,801750.SI,计算机,801104.SI,软件开发,851041.SI,垂直应用软件
603233.SH,大参林,801150.SI,医药生物,801154.SI,医药商业,851543.SI,线下药店
603235.SH,天新药业,801030.SI,基础化工,801034.SI,化学制品,850135.SI,食品及饲料添加剂
603236.SH,移远通信,801770.SI,通信,801102.SI,通信设备,851026.SI,通信终端及配件
603237.SH,五芳斋,801120.SI,食品饮料,801124.SI,食品加工,851246.SI,预加工食品
603238.SH,,,,,,,
603239.SH,浙江仙通,801880.SI,汽车,801093.SI,汽车零部件,850925.SI,其他汽车零部件
603248.SH,,,,,,,
603255.SH,,,,,,,
603256.SH,宏和科技,801710.SI,建筑材料,801712.SI,玻璃玻纤,857122.SI,玻纤制造
603257.SH,,,,,,,
603258.SH,电魂网络,801760.SI,传媒,801764.SI,游戏Ⅱ,857641.SI,游戏Ⅲ
603259.SH,,,,,,,
603260.SH,,,,,,,
603262.SH,技源集团,801120.SI,食品饮料,801124.SI,食品加工,851247.SI,保健品
603266.SH,天龙股份,801880.SI,汽车,801093.SI,汽车零部件,850922.SI,车身附件及饰件
603267.SH,,,,,,,
603268.SH,*ST松发,801140.SI,轻工制造,801142.SI,家居用品,851491.SI,其他家居用品
603269.SH,海鸥股份,801890.SI,机械设备,801072.SI,通用设备,850716.SI,其他通用设备
603270.SH,,,,,,,
603271.SH,永杰新材,801050.SI,有色金属,801055.SI,工业金属,850551.SI,铝
603273.SH,,,,,,,
603275.SH,,,,,,,
603276.SH,,,,,,,
603277.SH,银都股份,801890.SI,机械设备,801072.SI,通用设备,850715.SI,制冷空调设备
603278.SH,大业股份,801890.SI,机械设备,801072.SI,通用设备,850751.SI,金属制品
603279.SH,景津装备,801890.SI,机械设备,801072.SI,通用设备,850716.SI,其他通用设备
603280.SH,,,,,,,
603281.SH,,,,,,,
603282.SH,亚光股份,801970.SI,环保,801972.SI,环保设备Ⅱ,859721.SI,环保设备Ⅲ
603283.SH,,,,,,,
603284.SH,C林平,801140.SI,轻工制造,801143.SI,造纸,851412.SI,大宗用纸
603285.SH,,,,,,,
603286.SH,日盈电子,801880.SI,汽车,801093.SI,汽车零部件,850923.SI,底盘与发动机系统
603288.SH,海天味业,801120.SI,食品饮料,801129.SI,调味发酵品Ⅱ,851242.SI,调味发酵品Ⅲ
603289.SH,泰瑞机器,801890.SI,机械设备,801074.SI,专用设备,850727.SI,其他专用设备
603290.SH,斯达半导,801080.SI,电子,801081.SI,半导体,850812.SI,分立器件
603291.SH,联合水务,801970.SI,环保,801971.SI,环境治理,859712.SI,水务及水治理
603293.SH,,,,,,,
603296.SH,,,,,,,
603297.SH,永新光学,801080.SI,电子,801084.SI,光学光电子,850833.SI,光学元件
603298.SH,,,,,,,
603299.SH,,,,,,,
603300.SH,,,,,,,
603301.SH,振德医疗,801150.SI,医药生物,801153.SI,医疗器械,851533.SI,医疗耗材
603303.SH,,,,,,,
603305.SH,旭升集团,801880.SI,汽车,801093.SI,汽车零部件,850923.SI,底盘与发动机系统
603306.SH,华懋科技,801880.SI,汽车,801093.SI,汽车零部件,850922.SI,车身附件及饰件
603307.SH,,,,,,,
603308.SH,应流股份,801890.SI,机械设备,801072.SI,通用设备,850751.SI,金属制品
603309.SH,维力医疗,801150.SI,医药生物,801153.SI,医疗器械,851533.SI,医疗耗材
603310.SH,,,,,,,
603311.SH,金海高科,801110.SI,家用电器,801116.SI,家电零部件Ⅱ,851161.SI,家电零部件Ⅲ
603312.SH,,,,,,,
603313.SH,梦百合,801140.SI,轻工制造,801142.SI,家居用品,851437.SI,成品家居
603315.SH,福鞍股份,801970.SI,环保,801971.SI,环境治理,859711.SI,大气治理
603316.SH,诚邦股份,801720.SI,建筑装饰,801723.SI,基础建设,857251.SI,园林工程
603317.SH,天味食品,801120.SI,食品饮料,801129.SI,调味发酵品Ⅱ,851242.SI,调味发酵品Ⅲ
603318.SH,,,,,,,
603319.SH,美湖股份,801880.SI,汽车,801093.SI,汽车零部件,850923.SI,底盘与发动机系统
603320.SH,迪贝电气,801730.SI,电力设备,801731.SI,电机Ⅱ,850741.SI,电机Ⅲ
603321.SH,梅轮电梯,801890.SI,机械设备,801074.SI,专用设备,850728.SI,楼宇设备
603322.SH,超讯通信,801770.SI,通信,801223.SI,通信服务,852213.SI,通信工程及服务
603323.SH,苏农银行,801780.SI,银行,801785.SI,农商行Ⅱ,857851.SI,农商行Ⅲ
603324.SH,,,,,,,
603325.SH,,,,,,,
603326.SH,我乐家居,801140.SI,轻工制造,801142.SI,家居用品,851438.SI,定制家居
603327.SH,福蓉科技,801080.SI,电子,801085.SI,消费电子,850854.SI,消费电子零部件及组装
603328.SH,,,,,,,
603329.SH,上海雅仕,801170.SI,交通运输,801178.SI,物流,851782.SI,原材料供应链服务
603330.SH,,,,,,,
603331.SH,百达精工,801890.SI,机械设备,801072.SI,通用设备,850716.SI,其他通用设备
603332.SH,苏州龙杰,801030.SI,基础化工,801032.SI,化学纤维,850341.SI,涤纶
603333.SH,尚纬股份,801730.SI,电力设备,801738.SI,电网设备,857344.SI,线缆部件及其他
603334.SH,,,,,,,
603335.SH,迪生力,801880.SI,汽车,801093.SI,汽车零部件,850924.SI,轮胎轮毂
603336.SH,,,,,,,
603337.SH,,,,,,,
603338.SH,,,,,,,
603339.SH,四方科技,801890.SI,机械设备,801072.SI,通用设备,850715.SI,制冷空调设备
603341.SH,,,,,,,
603344.SH,,,,,,,
603345.SH,,,,,,,
603348.SH,,,,,,,
603350.SH,,,,,,,
603351.SH,威尔药业,801150.SI,医药生物,801151.SI,化学制药,851511.SI,原料药
603352.SH,,,,,,,
603353.SH,,,,,,,
603355.SH,莱克电气,801110.SI,家用电器,801113.SI,小家电,851132.SI,清洁小家电
603356.SH,,,,,,,
603357.SH,设计总院,801720.SI,建筑装饰,801726.SI,工程咨询服务Ⅱ,857261.SI,工程咨询服务Ⅲ
603358.SH,,,,,,,
603360.SH,,,,,,,
603363.SH,傲农生物,801010.SI,农林牧渔,801014.SI,饲料,850142.SI,畜禽饲料
603365.SH,水星家纺,801130.SI,纺织服饰,801132.SI,服装家纺,851326.SI,家纺
603366.SH,日出东方,801110.SI,家用电器,801114.SI,厨卫电器,851142.SI,卫浴电器
603367.SH,辰欣药业,801150.SI,医药生物,801151.SI,化学制药,851512.SI,化学制剂
603368.SH,,,,,,,
603369.SH,今世缘,801120.SI,食品饮料,801125.SI,白酒Ⅱ,851251.SI,白酒Ⅲ
603370.SH,,,,,,,
603373.SH,,,,,,,
603375.SH,,,,,,,
603376.SH,,,,,,,
603379.SH,三美股份,801030.SI,基础化工,801034.SI,化学制品,850382.SI,氟化工
603380.SH,易德龙,801080.SI,电子,801085.SI,消费电子,850854.SI,消费电子零部件及组装
603381.SH,,,,,,,
603382.SH,,,,,,,
603383.SH,顶点软件,801750.SI,计算机,801104.SI,软件开发,851041.SI,垂直应用软件
603385.SH,,,,,,,
603386.SH,,,,,,,
603387.SH,基蛋生物,801150.SI,医药生物,801153.SI,医疗器械,851534.SI,体外诊断
603390.SH,,,,,,,
603391.SH,,,,,,,
603392.SH,,,,,,,
603393.SH,新天然气,801160.SI,公用事业,801163.SI,燃气Ⅱ,851631.SI,燃气Ⅲ
603395.SH,,,,,,,
603396.SH,金辰股份,801730.SI,电力设备,801735.SI,光伏设备,857355.SI,光伏加工设备
603399.SH,,,,,,,
603400.SH,,,,,,,
603402.SH,,,,,,,
603406.SH,天富龙,801030.SI,基础化工,801032.SI,化学纤维,850341.SI,涤纶
603407.SH,,,,,,,
603408.SH,,,,,,,
603409.SH,,,,,,,
603416.SH,,,,,,,
603418.SH,,,,,,,
603421.SH,,,,,,,
603439.SH,,,,,,,
603444.SH,,,,,,,
603456.SH,,,,,,,
603458.SH,勘设股份,801720.SI,建筑装饰,801726.SI,工程咨询服务Ⅱ,857261.SI,工程咨询服务Ⅲ
603459.SH,,,,,,,
603466.SH,,,,,,,
603477.SH,,,,,,,
603486.SH,,,,,,,
603488.SH,展鹏科技,801890.SI,机械设备,801074.SI,专用设备,850728.SI,楼宇设备
603489.SH,八方股份,801730.SI,电力设备,801731.SI,电机Ⅱ,850741.SI,电机Ⅲ
603496.SH,恒为科技,801750.SI,计算机,801101.SI,计算机设备,850703.SI,其他计算机设备
603499.SH,翔港科技,801140.SI,轻工制造,801141.SI,包装印刷,851425.SI,纸包装
603500.SH,,,,,,,
603501.SH,豪威集团,801080.SI,电子,801081.SI,半导体,850814.SI,数字芯片设计
603505.SH,金石资源,801030.SI,基础化工,801034.SI,化学制品,850382.SI,氟化工
603506.SH,,,,,,,
603507.SH,振江股份,801730.SI,电力设备,801736.SI,风电设备,857362.SI,风电零部件
603508.SH,,,,,,,
603511.SH,,,,,,,
603515.SH,,,,,,,
603516.SH,淳中科技,801750.SI,计算机,801101.SI,计算机设备,850703.SI,其他计算机设备
603518.SH,,,,,,,
603519.SH,立霸股份,801110.SI,家用电器,801116.SI,家电零部件Ⅱ,851161.SI,家电零部件Ⅲ
603520.SH,司太立,801150.SI,医药生物,801151.SI,化学制药,851511.SI,原料药
603527.SH,,,,,,,
603528.SH,多伦科技,801750.SI,计算机,801104.SI,软件开发,851041.SI,垂直应用软件
603529.SH,,,,,,,
603530.SH,神马电力,801730.SI,电力设备,801738.SI,电网设备,857344.SI,线缆部件及其他
603533.SH,掌阅科技,801760.SI,传媒,801767.SI,数字媒体,857675.SI,文字媒体
603535.SH,嘉诚国际,801170.SI,交通运输,801178.SI,物流,851785.SI,跨境物流
603536.SH,,,,,,,
603538.SH,,,,,,,
603551.SH,奥普科技,801110.SI,家用电器,801114.SI,厨卫电器,851142.SI,卫浴电器
603556.SH,,,,,,,
603558.SH,健盛集团,801130.SI,纺织服饰,801131.SI,纺织制造,851312.SI,棉纺
603565.SH,,,,,,,
603566.SH,,,,,,,
603567.SH,珍宝岛,801150.SI,医药生物,801155.SI,中药Ⅱ,851521.SI,中药Ⅲ
603568.SH,,,,,,,
603569.SH,长久物流,801170.SI,交通运输,801178.SI,物流,851787.SI,公路货运
603577.SH,,,,,,,
603578.SH,三星新材,801110.SI,家用电器,801116.SI,家电零部件Ⅱ,851161.SI,家电零部件Ⅲ
603579.SH,,,,,,,
603583.SH,捷昌驱动,801890.SI,机械设备,801078.SI,自动化设备,850782.SI,工控设备
603585.SH,苏利股份,801030.SI,基础化工,801038.SI,农化制品,850333.SI,农药
603586.SH,,,,,,,
603587.SH,地素时尚,801130.SI,纺织服饰,801132.SI,服装家纺,851329.SI,非运动服装
603588.SH,,,,,,,
603589.SH,,,,,,,
603590.SH,康辰药业,801150.SI,医药生物,801152.SI,生物制品,851524.SI,其他生物制品
603596.SH,伯特利,801880.SI,汽车,801093.SI,汽车零部件,850923.SI,底盘与发动机系统
603598.SH,,,,,,,
603599.SH,广信股份,801030.SI,基础化工,801038.SI,农化制品,850333.SI,农药
603600.SH,永艺股份,801140.SI,轻工制造,801142.SI,家居用品,851437.SI,成品家居
603601.SH,再升科技,801710.SI,建筑材料,801712.SI,玻璃玻纤,857122.SI,玻纤制造
603602.SH,纵横通信,801770.SI,通信,801223.SI,通信服务,852213.SI,通信工程及服务
603605.SH,珀莱雅,801980.SI,美容护理,801982.SI,化妆品,859822.SI,品牌化妆品
603606.SH,,,,,,,
603607.SH,京华激光,801140.SI,轻工制造,801141.SI,包装印刷,851426.SI,综合包装
603608.SH,,,,,,,
603609.SH,,,,,,,
603610.SH,麒盛科技,801140.SI,轻工制造,801142.SI,家居用品,851437.SI,成品家居
603611.SH,,,,,,,
603612.SH,索通发展,801030.SI,基础化工,801039.SI,非金属材料Ⅱ,850523.SI,非金属材料Ⅲ
603613.SH,,,,,,,
603615.SH,,,,,,,
603616.SH,,,,,,,
603617.SH,君禾股份,801890.SI,机械设备,801072.SI,通用设备,850716.SI,其他通用设备
603618.SH,杭电股份,801730.SI,电力设备,801738.SI,电网设备,857344.SI,线缆部件及其他
603619.SH,中曼石油,801960.SI,石油石化,801962.SI,油服工程,859621.SI,油田服务
603626.SH,,,,,,,
603628.SH,,,,,,,
603629.SH,利通电子,801080.SI,电子,801085.SI,消费电子,850854.SI,消费电子零部件及组装
603630.SH,拉芳家化,801980.SI,美容护理,801982.SI,化妆品,859822.SI,品牌化妆品
603633.SH,,,,,,,
603636.SH,,,,,,,
603637.SH,,,,,,,
603638.SH,,,,,,,
603639.SH,,,,,,,
603648.SH,,,,,,,
603650.SH,,,,,,,
603655.SH,朗博科技,801880.SI,汽车,801093.SI,汽车零部件,850925.SI,其他汽车零部件
603656.SH,泰禾智能,801890.SI,机械设备,801074.SI,专用设备,850727.SI,其他专用设备
603657.SH,,,,,,,
603658.SH,,,,,,,
603659.SH,,,,,,,
603660.SH,苏州科达,801750.SI,计算机,801101.SI,计算机设备,850703.SI,其他计算机设备
603661.SH,恒林股份,801140.SI,轻工制造,801142.SI,家居用品,851437.SI,成品家居
603662.SH,柯力传感,801890.SI,机械设备,801072.SI,通用设备,850731.SI,仪器仪表
603663.SH,,,,,,,
603665.SH,康隆达,801130.SI,纺织服饰,801132.SI,服装家纺,851325.SI,鞋帽及其他
603666.SH,,,,,,,
603667.SH,五洲新春,801890.SI,机械设备,801072.SI,通用设备,850751.SI,金属制品
603668.SH,天马科技,801010.SI,农林牧渔,801014.SI,饲料,850143.SI,水产饲料
603669.SH,,,,,,,
603676.SH,卫信康,801150.SI,医药生物,801151.SI,化学制药,851512.SI,化学制剂
603677.SH,奇精机械,801110.SI,家用电器,801116.SI,家电零部件Ⅱ,851161.SI,家电零部件Ⅲ
603678.SH,,,,,,,
603679.SH,华体科技,801080.SI,电子,801084.SI,光学光电子,850832.SI,LED
603680.SH,今创集团,801890.SI,机械设备,801076.SI,轨交设备Ⅱ,850936.SI,轨交设备Ⅲ
603681.SH,,,,,,,
603682.SH,锦和商管,801200.SI,商贸零售,801203.SI,一般零售,852034.SI,商业物业经营
603683.SH,,,,,,,
603685.SH,晨丰科技,801080.SI,电子,801084.SI,光学光电子,850832.SI,LED
603686.SH,,,,,,,
603687.SH,大胜达,801140.SI,轻工制造,801141.SI,包装印刷,851425.SI,纸包装
603688.SH,石英股份,801030.SI,基础化工,801039.SI,非金属材料Ⅱ,850523.SI,非金属材料Ⅲ
603689.SH,皖天然气,801160.SI,公用事业,801163.SI,燃气Ⅱ,851631.SI,燃气Ⅲ
603690.SH,,,,,,,
603693.SH,,,,,,,
603696.SH,,,,,,,
603697.SH,,,,,,,
603698.SH,,,,,,,
603699.SH,纽威股份,801890.SI,机械设备,801072.SI,通用设备,850751.SI,金属制品
603700.SH,宁水集团,801890.SI,机械设备,801072.SI,通用设备,850731.SI,仪器仪表
603701.SH,,,,,,,
603703.SH,盛洋科技,801080.SI,电子,801084.SI,光学光电子,850832.SI,LED
603706.SH,东方环宇,801160.SI,公用事业,801163.SI,燃气Ⅱ,851631.SI,燃气Ⅲ
603707.SH,,,,,,,
603708.SH,家家悦,801200.SI,商贸零售,801203.SI,一般零售,852032.SI,超市
603709.SH,,,,,,,
603711.SH,香飘飘,801120.SI,食品饮料,801127.SI,饮料乳品,851271.SI,软饮料
603712.SH,七一二,801740.SI,国防军工,801745.SI,军工电子Ⅱ,857451.SI,军工电子Ⅲ
603713.SH,密尔克卫,801170.SI,交通运输,801178.SI,物流,851786.SI,仓储物流
603716.SH,,,,,,,
603717.SH,,,,,,,
603719.SH,,,,,,,
603722.SH,,,,,,,
603725.SH,,,,,,,
603726.SH,朗迪集团,801110.SI,家用电器,801116.SI,家电零部件Ⅱ,851161.SI,家电零部件Ⅲ
603727.SH,,,,,,,
603728.SH,鸣志电器,801730.SI,电力设备,801731.SI,电机Ⅱ,850741.SI,电机Ⅲ
603730.SH,岱美股份,801880.SI,汽车,801093.SI,汽车零部件,850922.SI,车身附件及饰件
603733.SH,仙鹤股份,801140.SI,轻工制造,801143.SI,造纸,851413.SI,特种纸
603737.SH,,,,,,,
603738.SH,,,,,,,
603739.SH,,,,,,,
603755.SH,日辰股份,801120.SI,食品饮料,801129.SI,调味发酵品Ⅱ,851242.SI,调味发酵品Ⅲ
603757.SH,大元泵业,801890.SI,机械设备,801072.SI,通用设备,850716.SI,其他通用设备
603758.SH,秦安股份,801880.SI,汽车,801093.SI,汽车零部件,850923.SI,底盘与发动机系统
603759.SH,,,,,,,
603766.SH,,,,,,,
603767.SH,中马传动,801880.SI,汽车,801093.SI,汽车零部件,850923.SI,底盘与发动机系统
603768.SH,常青股份,801880.SI,汽车,801093.SI,汽车零部件,850925.SI,其他汽车零部件
603773.SH,沃格光电,801080.SI,电子,801084.SI,光学光电子,850831.SI,面板
603776.SH,,,,,,,
603777.SH,,,,,,,
603778.SH,国晟科技,801720.SI,建筑装饰,801723.SI,基础建设,857251.SI,园林工程
603779.SH,威龙股份,801120.SI,食品饮料,801126.SI,非白酒,851233.SI,其他酒类
603786.SH,科博达,801880.SI,汽车,801093.SI,汽车零部件,850926.SI,汽车电子电气系统
603787.SH,,,,,,,
603788.SH,,,,,,,
603790.SH,雅运股份,801030.SI,基础化工,801034.SI,化学制品,850338.SI,纺织化学制品
603797.SH,联泰环保,801970.SI,环保,801971.SI,环境治理,859712.SI,水务及水治理
603798.SH,,,,,,,
603799.SH,,,,,,,
603800.SH,,,,,,,
603801.SH,志邦家居,801140.SI,轻工制造,801142.SI,家居用品,851438.SI,定制家居
603803.SH,瑞斯康达,801770.SI,通信,801102.SI,通信设备,851026.SI,通信终端及配件
603806.SH,,,,,,,
603808.SH,歌力思,801130.SI,纺织服饰,801132.SI,服装家纺,851329.SI,非运动服装
603809.SH,豪能股份,801880.SI,汽车,801093.SI,汽车零部件,850923.SI,底盘与发动机系统
603810.SH,,,,,,,
603811.SH,诚意药业,801150.SI,医药生物,801151.SI,化学制药,851512.SI,化学制剂
603815.SH,交建股份,801720.SI,建筑装饰,801723.SI,基础建设,857236.SI,基建市政工程
603816.SH,顾家家居,801140.SI,轻工制造,801142.SI,家居用品,851437.SI,成品家居
603817.SH,海峡环保,801970.SI,环保,801971.SI,环境治理,859712.SI,水务及水治理
603818.SH,曲美家居,801140.SI,轻工制造,801142.SI,家居用品,851437.SI,成品家居
603819.SH,,,,,,,
603823.SH,,,,,,,
603826.SH,坤彩科技,801030.SI,基础化工,801039.SI,非金属材料Ⅱ,850523.SI,非金属材料Ⅲ
603829.SH,洛凯股份,801730.SI,电力设备,801738.SI,电网设备,857382.SI,配电设备
603833.SH,欧派家居,801140.SI,轻工制造,801142.SI,家居用品,851438.SI,定制家居
603836.SH,,,,,,,
603839.SH,安正时尚,801130.SI,纺织服饰,801132.SI,服装家纺,851329.SI,非运动服装
603848.SH,好太太,801140.SI,轻工制造,801142.SI,家居用品,851437.SI,成品家居
603855.SH,华荣股份,801890.SI,机械设备,801074.SI,专用设备,850727.SI,其他专用设备
603856.SH,东宏股份,801710.SI,建筑材料,801713.SI,装修建材,850616.SI,管材
603858.SH,,,,,,,
603859.SH,能科科技,801750.SI,计算机,801103.SI,IT服务Ⅱ,852226.SI,IT服务Ⅲ
603860.SH,中公高科,801720.SI,建筑装饰,801726.SI,工程咨询服务Ⅱ,857261.SI,工程咨询服务Ⅲ
603861.SH,,,,,,,
603863.SH,松炀资源,801140.SI,轻工制造,801143.SI,造纸,851412.SI,大宗用纸
603866.SH,,,,,,,
603867.SH,新化股份,801030.SI,基础化工,801034.SI,化学制品,850339.SI,其他化学制品
603868.SH,飞科电器,801110.SI,家用电器,801113.SI,小家电,851133.SI,个护小家电
603871.SH,嘉友国际,801170.SI,交通运输,801178.SI,物流,851785.SI,跨境物流
603876.SH,鼎胜新材,801050.SI,有色金属,801055.SI,工业金属,850551.SI,铝
603877.SH,,,,,,,
603878.SH,武进不锈,801040.SI,钢铁,801044.SI,普钢,850443.SI,钢铁管材
603879.SH,,,,,,,
603880.SH,南卫股份,801150.SI,医药生物,801153.SI,医疗器械,851533.SI,医疗耗材
603881.SH,,,,,,,
603882.SH,,,,,,,
603883.SH,老百姓,801150.SI,医药生物,801154.SI,医药商业,851543.SI,线下药店
603885.SH,,,,,,,
603886.SH,,,,,,,
603887.SH,,,,,,,
603888.SH,新华网,801760.SI,传媒,801767.SI,数字媒体,857674.SI,门户网站
603889.SH,,,,,,,
603890.SH,春秋电子,801080.SI,电子,801085.SI,消费电子,850854.SI,消费电子零部件及组装
603893.SH,,,,,,,
603895.SH,,,,,,,
603896.SH,寿仙谷,801150.SI,医药生物,801155.SI,中药Ⅱ,851521.SI,中药Ⅲ
603897.SH,长城科技,801730.SI,电力设备,801738.SI,电网设备,857344.SI,线缆部件及其他
603898.SH,好莱客,801140.SI,轻工制造,801142.SI,家居用品,851438.SI,定制家居
603899.SH,晨光股份,801140.SI,轻工制造,801145.SI,文娱用品,851451.SI,文化用品
603900.SH,,,,,,,
603901.SH,永创智能,801890.SI,机械设备,801074.SI,专用设备,850726.SI,印刷包装机械
603903.SH,中持股份,801970.SI,环保,801971.SI,环境治理,859712.SI,水务及水治理
603906.SH,,,,,,,
603908.SH,牧高笛,801130.SI,纺织服饰,801132.SI,服装家纺,851325.SI,鞋帽及其他
603909.SH,建发合诚,801720.SI,建筑装饰,801726.SI,工程咨询服务Ⅱ,857261.SI,工程咨询服务Ⅲ
603912.SH,,,,,,,
603915.SH,国茂股份,801890.SI,机械设备,801072.SI,通用设备,850751.SI,金属制品
603916.SH,苏博特,801030.SI,基础化工,801034.SI,化学制品,850339.SI,其他化学制品
603917.SH,合力科技,801880.SI,汽车,801093.SI,汽车零部件,850925.SI,其他汽车零部件
603918.SH,,,,,,,
603919.SH,金徽酒,801120.SI,食品饮料,801125.SI,白酒Ⅱ,851251.SI,白酒Ⅲ
603920.SH,世运电路,801080.SI,电子,801083.SI,元件,850822.SI,印制电路板
603926.SH,铁流股份,801880.SI,汽车,801093.SI,汽车零部件,850923.SI,底盘与发动机系统
603927.SH,中科软,801750.SI,计算机,801104.SI,软件开发,851041.SI,垂直应用软件
603928.SH,,,,,,,
603929.SH,亚翔集成,801720.SI,建筑装饰,801724.SI,专业工程,857244.SI,其他专业工程
603931.SH,,,,,,,
603933.SH,睿能科技,801080.SI,电子,801082.SI,其他电子Ⅱ,850841.SI,其他电子Ⅲ
603936.SH,,,,,,,
603937.SH,,,,,,,
603938.SH,,,,,,,
603939.SH,益丰药房,801150.SI,医药生物,801154.SI,医药商业,851543.SI,线下药店
603948.SH,建业股份,801030.SI,基础化工,801034.SI,化学制品,850339.SI,其他化学制品
603949.SH,雪龙集团,801880.SI,汽车,801093.SI,汽车零部件,850923.SI,底盘与发动机系统
603950.SH,长源东谷,801880.SI,汽车,801093.SI,汽车零部件,850923.SI,底盘与发动机系统
603955.SH,大千生态,801720.SI,建筑装饰,801723.SI,基础建设,857251.SI,园林工程
603956.SH,威派格,801890.SI,机械设备,801074.SI,专用设备,850727.SI,其他专用设备
603958.SH,哈森股份,801130.SI,纺织服饰,801132.SI,服装家纺,851325.SI,鞋帽及其他
603960.SH,,,,,,,
603966.SH,,,,,,,
603967.SH,中创物流,801170.SI,交通运输,801178.SI,物流,851785.SI,跨境物流
603968.SH,,,,,,,
603969.SH,银龙股份,801890.SI,机械设备,801072.SI,通用设备,850751.SI,金属制品
603970.SH,中农立华,801030.SI,基础化工,801038.SI,农化制品,850333.SI,农药
603976.SH,正川股份,801150.SI,医药生物,801153.SI,医疗器械,851533.SI,医疗耗材
603977.SH,国泰集团,801030.SI,基础化工,801034.SI,化学制品,850337.SI,民爆制品
603978.SH,深圳新星,801050.SI,有色金属,801051.SI,金属新材料,850521.SI,其他金属新材料
603979.SH,,,,,,,
603980.SH,吉华集团,801030.SI,基础化工,801034.SI,化学制品,850338.SI,纺织化学制品
603982.SH,泉峰汽车,801880.SI,汽车,801093.SI,汽车零部件,850923.SI,底盘与发动机系统
603983.SH,丸美生物,801980.SI,美容护理,801982.SI,化妆品,859822.SI,品牌化妆品
603985.SH,,,,,,,
603986.SH,兆易创新,801080.SI,电子,801081.SI,半导体,850814.SI,数字芯片设计
603987.SH,,,,,,,
603988.SH,中电电机,801730.SI,电力设备,801731.SI,电机Ⅱ,850741.SI,电机Ⅲ
603989.SH,艾华集团,801080.SI,电子,801083.SI,元件,850823.SI,被动元件
603990.SH,麦迪科技,801750.SI,计算机,801104.SI,软件开发,851041.SI,垂直应用软件
603991.SH,,,,,,,
603992.SH,松霖科技,801140.SI,轻工制造,801142.SI,家居用品,851439.SI,卫浴制品
603993.SH,,,,,,,
603995.SH,甬金股份,801040.SI,钢铁,801045.SI,特钢Ⅱ,850412.SI,特钢Ⅲ
603997.SH,继峰股份,801880.SI,汽车,801093.SI,汽车零部件,850922.SI,车身附件及饰件
603998.SH,,,,,,,
603999.SH,,,,,,,
605001.SH,,,,,,,
605003.SH,,,,,,,
605005.SH,,,,,,,
605006.SH,,,,,,,
605007.SH,五洲特纸,801140.SI,轻工制造,801143.SI,造纸,851413.SI,特种纸
605008.SH,长鸿高科,801030.SI,基础化工,801036.SI,塑料,850351.SI,其他塑料制品
605009.SH,,,,,,,
605011.SH,,,,,,,
605016.SH,,,,,,,
605018.SH,,,,,,,
605020.SH,,,,,,,
605028.SH,,,,,,,
605033.SH,,,,,,,
605050.SH,,,,,,,
605055.SH,,,,,,,
605056.SH,,,,,,,
605058.SH,,,,,,,
605060.SH,,,,,,,
605066.SH,,,,,,,
605068.SH,,,,,,,
605069.SH,,,,,,,
605077.SH,,,,,,,
605080.SH,,,,,,,
605086.SH,,,,,,,
605088.SH,冠盛股份,801880.SI,汽车,801093.SI,汽车零部件,850923.SI,底盘与发动机系统
605089.SH,,,,,,,
605090.SH,,,,,,,
605098.SH,,,,,,,
605099.SH,,,,,,,
605100.SH,华丰股份,801890.SI,机械设备,801072.SI,通用设备,850751.SI,金属制品
605108.SH,同庆楼,801210.SI,社会服务,801219.SI,酒店餐饮,852141.SI,餐饮
605111.SH,,,,,,,
605116.SH,,,,,,,
605117.SH,,,,,,,
605118.SH,,,,,,,
605122.SH,,,,,,,
605123.SH,,,,,,,
605128.SH,,,,,,,
605133.SH,,,,,,,
605136.SH,,,,,,,
605138.SH,,,,,,,
605151.SH,,,,,,,
605155.SH,,,,,,,
605158.SH,,,,,,,
605162.SH,,,,,,,
605166.SH,,,,,,,
605167.SH,,,,,,,
605168.SH,,,,,,,
605169.SH,,,,,,,
605177.SH,,,,,,,
605178.SH,时空科技,801720.SI,建筑装饰,801724.SI,专业工程,857244.SI,其他专业工程
605179.SH,一鸣食品,801120.SI,食品饮料,801127.SI,饮料乳品,851243.SI,乳品
605180.SH,,,,,,,
605183.SH,确成股份,801030.SI,基础化工,801037.SI,橡胶,850363.SI,炭黑
605186.SH,,,,,,,
605188.SH,,,,,,,
605189.SH,,,,,,,
605196.SH,,,,,,,
605198.SH,,,,,,,
605208.SH,,,,,,,
605218.SH,,,,,,,
605222.SH,,,,,,,
605228.SH,,,,,,,
605255.SH,,,,,,,
605258.SH,,,,,,,
605259.SH,,,,,,,
605266.SH,健之佳,801150.SI,医药生物,801154.SI,医药商业,851543.SI,线下药店
605268.SH,,,,,,,
605277.SH,,,,,,,
605286.SH,,,,,,,
605287.SH,,,,,,,
605288.SH,,,,,,,
605289.SH,,,,,,,
605296.SH,,,,,,,
605298.SH,,,,,,,
605299.SH,舒华体育,801140.SI,轻工制造,801145.SI,文娱用品,851452.SI,娱乐用品
605300.SH,,,,,,,
605303.SH,,,,,,,
605305.SH,,,,,,,
605318.SH,,,,,,,
605319.SH,,,,,,,
605333.SH,,,,,,,
605337.SH,,,,,,,
605338.SH,,,,,,,
605339.SH,,,,,,,
605358.SH,,,,,,,
605365.SH,,,,,,,
605366.SH,宏柏新材,801030.SI,基础化工,801034.SI,化学制品,850339.SI,其他化学制品
605368.SH,,,,,,,
605369.SH,,,,,,,
605376.SH,,,,,,,
605377.SH,,,,,,,
605378.SH,,,,,,,
605388.SH,,,,,,,
605389.SH,,,,,,,
605398.SH,,,,,,,
605399.SH,,,,,,,
605488.SH,,,,,,,
605499.SH,,,,,,,
605500.SH,,,,,,,
605507.SH,,,,,,,
605555.SH,,,,,,,
605566.SH,,,,,,,
605567.SH,,,,,,,
605577.SH,,,,,,,
605580.SH,,,,,,,
605588.SH,,,,,,,
605589.SH,,,,,,,
605598.SH,,,,,,,
605599.SH,,,,,,,
